index,title,hot,url,img_url,push_time,now_time,type,source
1,习近平同特朗普通电话,12145252,https://www.douyin.com/search/%E4%B9%A0%E8%BF%91%E5%B9%B3%E5%90%8C%E7%89%B9%E6%9C%97%E6%99%AE%E9%80%9A%E7%94%B5%E8%AF%9D,https://p26-sign.douyinpic.com/tos-cn-p-0015/oQeDCDHIVQASYwWj7ulfGeDbYAIHfEGEmQN2ML~noop.jpeg?lk3s=bfd515bb&x-expires=1770246000&x-signature=%2B3LsX0YjhpW7Lkii2D3Zpap%2B7M4%3D&from=3218412987,2026-02-04 21:37:33,2026-02-05,热搜,抖音
2,各地春节年俗地图,11761061,https://www.douyin.com/search/%E5%90%84%E5%9C%B0%E6%98%A5%E8%8A%82%E5%B9%B4%E4%BF%97%E5%9C%B0%E5%9B%BE,https://p26-sign.douyinpic.com/tos-cn-p-0015c000-ce/okE203QAoEE5CxDGFAfYF6A4FfIcK3ffTYAmyD~noop.jpeg?lk3s=bfd515bb&x-expires=1770246000&x-signature=tEOcOFBr%2BkvMYyVsp85GYR8Y3gc%3D&from=3218412987,2026-02-04 14:08:09,2026-02-05,热搜,抖音
3,农业综合生产能力迈上新台阶,11704802,https://www.douyin.com/search/%E5%86%9C%E4%B8%9A%E7%BB%BC%E5%90%88%E7%94%9F%E4%BA%A7%E8%83%BD%E5%8A%9B%E8%BF%88%E4%B8%8A%E6%96%B0%E5%8F%B0%E9%98%B6,https://p3-sign.douyinpic.com/tos-cn-p-0015/oUOAXVgqDQ8R4FmzAdFCEy7e6CfeTuBIENAoBB~noop.jpeg?lk3s=bfd515bb&x-expires=1770246000&x-signature=NG65irLnJYiBErq1rmq5mgFGC0Q%3D&from=3218412987,2026-02-04 21:38:59,2026-02-05,热搜,抖音
4,过年氛围提前搞起来了,11594115,https://www.douyin.com/search/%E8%BF%87%E5%B9%B4%E6%B0%9B%E5%9B%B4%E6%8F%90%E5%89%8D%E6%90%9E%E8%B5%B7%E6%9D%A5%E4%BA%86,https://p3-sign.douyinpic.com/tos-cn-p-0015c000-ce/oIS0Nd5cKAM1Ce2xwEi1wXnBZf5XUoCiEAB2AI~noop.jpeg?lk3s=bfd515bb&x-expires=1770246000&x-signature=1utPaRcjxJQDX0KPusCtR5%2BtIw8%3D&from=3218412987,2026-02-04 14:51:02,2026-02-05,热搜,抖音
5,霉豆腐的风还是吹到了蛋糕界,10999616,https://www.douyin.com/search/%E9%9C%89%E8%B1%86%E8%85%90%E7%9A%84%E9%A3%8E%E8%BF%98%E6%98%AF%E5%90%B9%E5%88%B0%E4%BA%86%E8%9B%8B%E7%B3%95%E7%95%8C,https://p3-sign.douyinpic.com/tos-cn-p-0015c000-ce/oANJeRTfG67KQxVBX9AeVIQMBgrOAauD8c8LoI~noop.jpeg?lk3s=bfd515bb&x-expires=1770246000&x-signature=rVv%2FAJ6i5mdbu2Oj93ErCW%2F46%2FI%3D&from=3218412987,2026-02-04 16:26:16,2026-02-05,热搜,抖音
6,粉彩风和立春一起来了,10922340,https://www.douyin.com/search/%E7%B2%89%E5%BD%A9%E9%A3%8E%E5%92%8C%E7%AB%8B%E6%98%A5%E4%B8%80%E8%B5%B7%E6%9D%A5%E4%BA%86,https://p3-sign.douyinpic.com/tos-cn-p-0015c000-ce/oY8JeXOGTDFOfjRLIPmBEAQjBJbEeBVgx7QEE5~noop.jpeg?lk3s=bfd515bb&x-expires=1770246000&x-signature=nd95XXMIYzrXx9651wyGkfm0eOA%3D&from=3218412987,2026-02-04 11:13:16,2026-02-05,热搜,抖音
7,2026年NBA全明星球衣发布,9534880,https://www.douyin.com/search/2026%E5%B9%B4NBA%E5%85%A8%E6%98%8E%E6%98%9F%E7%90%83%E8%A1%A3%E5%8F%91%E5%B8%83,https://p26-sign.douyinpic.com/tos-cn-p-0015/oQ0pZIpvpA38H9VVgIF8gqNDKfXePlqEAABKCI~noop.jpeg?lk3s=bfd515bb&x-expires=1770246000&x-signature=4M0WZ4aLnBSDL0kF6U9nbPAmuHo%3D&from=3218412987,2026-02-04 13:35:23,2026-02-05,热搜,抖音
8,第一口春味是家乡的年味,9330869,https://www.douyin.com/search/%E7%AC%AC%E4%B8%80%E5%8F%A3%E6%98%A5%E5%91%B3%E6%98%AF%E5%AE%B6%E4%B9%A1%E7%9A%84%E5%B9%B4%E5%91%B3,https://p26-sign.douyinpic.com/tos-cn-p-0015/oMrAKfXCtgN9DeyQPM1EAnBC9AgFQxZPpyl7Dc~noop.jpeg?lk3s=bfd515bb&x-expires=1770246000&x-signature=Saq4jAbLyhFVI7GBMVTQP3c10zk%3D&from=3218412987,2026-02-04 11:28:26,2026-02-05,热搜,抖音
9,湖北省彻查精神病院事件,9222539,https://www.douyin.com/search/%E6%B9%96%E5%8C%97%E7%9C%81%E5%BD%BB%E6%9F%A5%E7%B2%BE%E7%A5%9E%E7%97%85%E9%99%A2%E4%BA%8B%E4%BB%B6,https://p3-sign.douyinpic.com/tos-cn-p-0015/ocPbgIKa0Aro6mRB65PtICE4QyKuTYwiIISAi~noop.jpeg?lk3s=bfd515bb&x-expires=1770246000&x-signature=qXDAQlrZX8G5XEEZC%2B%2FIeq6cRhY%3D&from=3218412987,2026-02-04 10:22:58,2026-02-05,热搜,抖音
10,年夜饭菜单提前曝光了,9171508,https://www.douyin.com/search/%E5%B9%B4%E5%A4%9C%E9%A5%AD%E8%8F%9C%E5%8D%95%E6%8F%90%E5%89%8D%E6%9B%9D%E5%85%89%E4%BA%86,https://p3-sign.douyinpic.com/tos-cn-p-0015c000-ce/osfzZ2oOfDJFpG6IGQD3vIA9lpSgRSEgDB7fET~noop.jpeg?lk3s=bfd515bb&x-expires=1770246000&x-signature=3ygqxGfhcH2BC0rzq6F3pIbq8gg%3D&from=3218412987,2026-02-03 17:59:26,2026-02-05,热搜,抖音
11,赖清德言论遭全台教师怒轰,9123511,https://www.douyin.com/search/%E8%B5%96%E6%B8%85%E5%BE%B7%E8%A8%80%E8%AE%BA%E9%81%AD%E5%85%A8%E5%8F%B0%E6%95%99%E5%B8%88%E6%80%92%E8%BD%B0,https://p3-sign.douyinpic.com/tos-cn-p-0015/oUiqSiC0wAWyAkQHi8uXOe9BNiCfIh4sA5xgIB~noop.jpeg?lk3s=bfd515bb&x-expires=1770246000&x-signature=u7uI7GPUgBZSaZqCDA68B%2BnEfjE%3D&from=3218412987,2026-02-04 15:39:34,2026-02-05,热搜,抖音
12,日本多地强降雪致35死358伤,9053141,https://www.douyin.com/search/%E6%97%A5%E6%9C%AC%E5%A4%9A%E5%9C%B0%E5%BC%BA%E9%99%8D%E9%9B%AA%E8%87%B435%E6%AD%BB358%E4%BC%A4,https://p26-sign.douyinpic.com/tos-cn-p-0015/oIqAjZpQDK4DrBhBguDnwfESFAA9uFgrRYUSeQ~noop.jpeg?lk3s=bfd515bb&x-expires=1770246000&x-signature=cbWmBrPyTwtmwaOB0BReg75ucOA%3D&from=3218412987,2026-02-04 18:00:15,2026-02-05,热搜,抖音
13,海克斯大乱斗新春版本,8692856,https://www.douyin.com/search/%E6%B5%B7%E5%85%8B%E6%96%AF%E5%A4%A7%E4%B9%B1%E6%96%97%E6%96%B0%E6%98%A5%E7%89%88%E6%9C%AC,https://p11-sign.douyinpic.com/tos-cn-p-0015/oUE9UHQA5eKCHvDcBgfGFHADK4QukRjUAFgpXA~noop.jpeg?lk3s=bfd515bb&x-expires=1770246000&x-signature=NWgN6YP04NgHVE8XMqWG2ShXE9Q%3D&from=3218412987,2026-02-04 15:05:55,2026-02-05,热搜,抖音
14,记录我的春运返乡故事,8563575,https://www.douyin.com/search/%E8%AE%B0%E5%BD%95%E6%88%91%E7%9A%84%E6%98%A5%E8%BF%90%E8%BF%94%E4%B9%A1%E6%95%85%E4%BA%8B,https://p3-sign.douyinpic.com/tos-cn-p-0015c000-ce/ooACCFmSLgQbDBv69fRBQWA8wnEeEkyQCpF0IE~noop.jpeg?lk3s=bfd515bb&x-expires=1770246000&x-signature=rHs1JqgEa3VG%2B%2Bmg1TdpVB5GLHg%3D&from=3218412987,2026-02-03 12:13:09,2026-02-05,热搜,抖音
15,这才是跨火盆的满分答案,8422191,https://www.douyin.com/search/%E8%BF%99%E6%89%8D%E6%98%AF%E8%B7%A8%E7%81%AB%E7%9B%86%E7%9A%84%E6%BB%A1%E5%88%86%E7%AD%94%E6%A1%88,https://p3-sign.douyinpic.com/tos-cn-p-0015/oAo4ZFeAEIyIgxgkaBfGCpRA9gNhpDD8AEAZBd~noop.jpeg?lk3s=bfd515bb&x-expires=1770246000&x-signature=DWQXNu4pAnQXi0LDBb8bSagfO4k%3D&from=3218412987,2026-02-04 13:32:46,2026-02-05,热搜,抖音
16,王楚钦3:0帕尔,7825950,https://www.douyin.com/search/%E7%8E%8B%E6%A5%9A%E9%92%A63%3A0%E5%B8%95%E5%B0%94,https://p26-sign.douyinpic.com/tos-cn-p-0015/oUuhEeLzzyaLUZNDBBGAIXBe7DTAOCGBUnI9eq~noop.jpeg?lk3s=bfd515bb&x-expires=1770246000&x-signature=QD8yXxy%2BfT8IYdpMU%2FkNVpFFYts%3D&from=3218412987,2026-02-04 20:34:38,2026-02-05,热搜,抖音
17,长大了带父母来北京旅游圆梦,7812078,https://www.douyin.com/search/%E9%95%BF%E5%A4%A7%E4%BA%86%E5%B8%A6%E7%88%B6%E6%AF%8D%E6%9D%A5%E5%8C%97%E4%BA%AC%E6%97%85%E6%B8%B8%E5%9C%86%E6%A2%A6,https://p11-sign.douyinpic.com/tos-cn-i-0629/owhCENf2FDAIwbAUAMF5AVpACnMg5CjgI2fBAE~noop.jpeg?lk3s=bfd515bb&x-expires=1770246000&x-signature=Kj0KEl07t0CihtrZPbXlvmey8cg%3D&from=3218412987,2026-02-04 10:53:44,2026-02-05,热搜,抖音
18,灵隐寺将暂停爽约者预约资格,7793611,https://www.douyin.com/search/%E7%81%B5%E9%9A%90%E5%AF%BA%E5%B0%86%E6%9A%82%E5%81%9C%E7%88%BD%E7%BA%A6%E8%80%85%E9%A2%84%E7%BA%A6%E8%B5%84%E6%A0%BC,https://p3-sign.douyinpic.com/tos-cn-p-0015/og6gYgIAPEzBiBhAoCcHCIXDQIPqaDL4K6iCM~noop.jpeg?lk3s=bfd515bb&x-expires=1770246000&x-signature=rIWIovvY29xGF3ICljTu46UgWQU%3D&from=3218412987,2026-02-04 17:32:08,2026-02-05,热搜,抖音
19,央视春晚主持人阵容官宣,7767117,https://www.douyin.com/search/%E5%A4%AE%E8%A7%86%E6%98%A5%E6%99%9A%E4%B8%BB%E6%8C%81%E4%BA%BA%E9%98%B5%E5%AE%B9%E5%AE%98%E5%AE%A3,https://p3-sign.douyinpic.com/tos-cn-p-0015c000-ce/oMeX8OtATDGIUrAIfJGaglQ8eIedaa2ZNLODNQ~noop.jpeg?lk3s=bfd515bb&x-expires=1770246000&x-signature=qUxAZQihdkC5Mr6j0I%2Bven8vbzo%3D&from=3218412987,2026-02-04 10:54:24,2026-02-05,热搜,抖音
20,金宣虎承认逃税并道歉,7764491,https://www.douyin.com/search/%E9%87%91%E5%AE%A3%E8%99%8E%E6%89%BF%E8%AE%A4%E9%80%83%E7%A8%8E%E5%B9%B6%E9%81%93%E6%AD%89,https://p26-sign.douyinpic.com/tos-cn-p-0015c000-ce/ow5At6iwBIBiawDApntwf9i30CISeYZEnkMVtB~noop.jpeg?lk3s=bfd515bb&x-expires=1770246000&x-signature=fx9Vu8UNgQgka8WnIBXZXLBJRr8%3D&from=3218412987,2026-02-04 13:16:15,2026-02-05,热搜,抖音
21,记录我的一半一半,7752281,https://www.douyin.com/search/%E8%AE%B0%E5%BD%95%E6%88%91%E7%9A%84%E4%B8%80%E5%8D%8A%E4%B8%80%E5%8D%8A,https://p3-sign.douyinpic.com/tos-cn-i-0813c000-ce/oodNE7fBeE92e80A4t81CwzFAEFARioAiAArIw~noop.jpeg?lk3s=bfd515bb&x-expires=1770246000&x-signature=Ztvg4NrNZnl2YuTA12MiuX%2BQkjM%3D&from=3218412987,2026-02-03 22:25:58,2026-02-05,热搜,抖音
22,短剧演员红毯视频完播率100%,7751231,https://www.douyin.com/search/%E7%9F%AD%E5%89%A7%E6%BC%94%E5%91%98%E7%BA%A2%E6%AF%AF%E8%A7%86%E9%A2%91%E5%AE%8C%E6%92%AD%E7%8E%87100%25,https://p9-sign.douyinpic.com/tos-cn-p-0015c000-ce/o4eLM9fIIXPLv78AgApQe0XKt7jfGmHaHe5QE4~noop.jpeg?lk3s=bfd515bb&x-expires=1770246000&x-signature=QKVDeFvXPTvUKUjHN5fm9%2FgmslI%3D&from=3218412987,2026-02-04 14:11:14,2026-02-05,热搜,抖音
23,王者马年限定皮肤形象首曝,7744854,https://www.douyin.com/search/%E7%8E%8B%E8%80%85%E9%A9%AC%E5%B9%B4%E9%99%90%E5%AE%9A%E7%9A%AE%E8%82%A4%E5%BD%A2%E8%B1%A1%E9%A6%96%E6%9B%9D,https://p11-sign.douyinpic.com/tos-cn-p-0015c000-ce/ooqGbt6ILo7oLQFQeDLTAb8Gg0OBHJg3emBBf1~noop.jpeg?lk3s=bfd515bb&x-expires=1770246000&x-signature=%2BEZ67WtRQwAFYw%2B5i1jWGuhQRMo%3D&from=3218412987,2026-02-04 20:51:37,2026-02-05,热搜,抖音
24,杨紫生命树演技获好评,7730321,https://www.douyin.com/search/%E6%9D%A8%E7%B4%AB%E7%94%9F%E5%91%BD%E6%A0%91%E6%BC%94%E6%8A%80%E8%8E%B7%E5%A5%BD%E8%AF%84,https://p3-sign.douyinpic.com/tos-cn-p-0015c000-ce/ogA7EixijYM4AqBxoZUaCzPBXclKKgxSBIivJ~noop.jpeg?lk3s=bfd515bb&x-expires=1770246000&x-signature=DvsV2vrraDgehYEfd7e0eR4ZTV8%3D&from=3218412987,2026-02-04 14:06:55,2026-02-05,热搜,抖音
25,辛芷蕾新剧被林雨申要名分,7724099,https://www.douyin.com/search/%E8%BE%9B%E8%8A%B7%E8%95%BE%E6%96%B0%E5%89%A7%E8%A2%AB%E6%9E%97%E9%9B%A8%E7%94%B3%E8%A6%81%E5%90%8D%E5%88%86,https://p9-sign.douyinpic.com/tos-cn-p-0015/ooIDpgBeX9taABU6Px1AsqkAEqDZBiiIPgfF9r~noop.jpeg?lk3s=bfd515bb&x-expires=1770246000&x-signature=ZJ%2BKm1XwWpmaCQuBTHTN%2FIt%2FtBQ%3D&from=3218412987,2026-02-04 15:09:11,2026-02-05,热搜,抖音
26,白鹿新剧办案不要命,7721995,https://www.douyin.com/search/%E7%99%BD%E9%B9%BF%E6%96%B0%E5%89%A7%E5%8A%9E%E6%A1%88%E4%B8%8D%E8%A6%81%E5%91%BD,https://p3-sign.douyinpic.com/tos-cn-i-0813c000-ce/oYPAZi6IAxACizJd0XPiCaMuixAYESApUBJKu~noop.jpeg?lk3s=bfd515bb&x-expires=1770246000&x-signature=Gwwt1Bh6gVowRTTyk3E9GVsU6dc%3D&from=3218412987,2026-02-04 12:40:01,2026-02-05,热搜,抖音
27,恋与深空的古风小生来了,7720092,https://www.douyin.com/search/%E6%81%8B%E4%B8%8E%E6%B7%B1%E7%A9%BA%E7%9A%84%E5%8F%A4%E9%A3%8E%E5%B0%8F%E7%94%9F%E6%9D%A5%E4%BA%86,https://p26-sign.douyinpic.com/tos-cn-p-0015c000-ce/oIrEdopQCXMD6BauwAnkrfEbFAA9SIghxqwWfQ~noop.jpeg?lk3s=bfd515bb&x-expires=1770246000&x-signature=CRCIfoIluEO%2BlcWnfly3Gy%2Bt1c0%3D&from=3218412987,2026-02-04 12:39:38,2026-02-05,热搜,抖音
28,谁敢认这是陈都灵,7718702,https://www.douyin.com/search/%E8%B0%81%E6%95%A2%E8%AE%A4%E8%BF%99%E6%98%AF%E9%99%88%E9%83%BD%E7%81%B5,https://p26-sign.douyinpic.com/tos-cn-p-0015/oYEhKJ9AIAAf3IuCHpWgQi4QNBF9V3gDtttq7e~noop.jpeg?lk3s=bfd515bb&x-expires=1770246000&x-signature=W%2Fk7qXSneWG%2F7tr3UoU21wRnNms%3D&from=3218412987,2026-02-04 14:58:09,2026-02-05,热搜,抖音
29,生命树多杰暴雪绝境救白菊,7708247,https://www.douyin.com/search/%E7%94%9F%E5%91%BD%E6%A0%91%E5%A4%9A%E6%9D%B0%E6%9A%B4%E9%9B%AA%E7%BB%9D%E5%A2%83%E6%95%91%E7%99%BD%E8%8F%8A,https://p3-sign.douyinpic.com/tos-cn-p-0015/osB2AADAsITSFShU3EfC71fPwoP348BfAEB6HE~noop.jpeg?lk3s=bfd515bb&x-expires=1770246000&x-signature=FlrkZnjk7m%2B%2BevT%2BCldYecOVOo0%3D&from=3218412987,2026-02-04 12:42:05,2026-02-05,热搜,抖音
30,群星迎春仪式感,7704919,https://www.douyin.com/search/%E7%BE%A4%E6%98%9F%E8%BF%8E%E6%98%A5%E4%BB%AA%E5%BC%8F%E6%84%9F,https://p3-sign.douyinpic.com/tos-cn-p-0015c000-ce/o0uS6fbMCAQumQfagfw5etcLwVB4AIxeHA4AhY~noop.jpeg?lk3s=bfd515bb&x-expires=1770246000&x-signature=BVa2Qq6ev9iVPG33ryyqMvjGSW8%3D&from=3218412987,2026-02-04 18:39:49,2026-02-05,热搜,抖音
31,周翊然包上恩共创班尖子生,7702649,https://www.douyin.com/search/%E5%91%A8%E7%BF%8A%E7%84%B6%E5%8C%85%E4%B8%8A%E6%81%A9%E5%85%B1%E5%88%9B%E7%8F%AD%E5%B0%96%E5%AD%90%E7%94%9F,https://p3-sign.douyinpic.com/tos-cn-p-0015c000-ce/okf01pMWdpuGIwE54JnFUAoDCMG1gI9B5feABE~noop.jpeg?lk3s=bfd515bb&x-expires=1770246000&x-signature=mWpPC7BwfLBoU9nRhSYlmiTzpPs%3D&from=3218412987,2026-02-04 10:21:01,2026-02-05,热搜,抖音
32,哈登被快船交易至骑士,7700355,https://www.douyin.com/search/%E5%93%88%E7%99%BB%E8%A2%AB%E5%BF%AB%E8%88%B9%E4%BA%A4%E6%98%93%E8%87%B3%E9%AA%91%E5%A3%AB,https://p26-sign.douyinpic.com/tos-cn-p-0015/o0pYuP0PIKi7g3BAQvVlVqiQBVCIrG8AuIaYu~noop.jpeg?lk3s=bfd515bb&x-expires=1770246000&x-signature=nLHZ%2FiDM%2FRfsW03P%2Fz639wEIv9A%3D&from=3218412987,2026-02-04 09:12:27,2026-02-05,热搜,抖音
33,张艺兴汽车警铃舞,7699878,https://www.douyin.com/search/%E5%BC%A0%E8%89%BA%E5%85%B4%E6%B1%BD%E8%BD%A6%E8%AD%A6%E9%93%83%E8%88%9E,https://p3-sign.douyinpic.com/tos-cn-p-0015c000-ce/ogHBJBDOLQAbcqpYaC4fCfRKSgEgyDDeTQT7HF~noop.jpeg?lk3s=bfd515bb&x-expires=1770246000&x-signature=gg1a1mwYtOkorBUDgAAEqx%2FXqKk%3D&from=3218412987,2026-02-04 19:08:03,2026-02-05,热搜,抖音
34,卡扎菲次子赛义夫丧生,7697644,https://www.douyin.com/search/%E5%8D%A1%E6%89%8E%E8%8F%B2%E6%AC%A1%E5%AD%90%E8%B5%9B%E4%B9%89%E5%A4%AB%E4%B8%A7%E7%94%9F,https://p3-sign.douyinpic.com/tos-cn-p-0015/o0oB66bfaCzpFAAkQWZU9hpDgEMAN7N4dCgHQf~noop.jpeg?lk3s=bfd515bb&x-expires=1770246000&x-signature=vG3FvjFMfVX7836x9xwDCwVCnXo%3D&from=3218412987,2026-02-04 07:35:07,2026-02-05,热搜,抖音
35,吕布新皮肤舞狮寰,7697363,https://www.douyin.com/search/%E5%90%95%E5%B8%83%E6%96%B0%E7%9A%AE%E8%82%A4%E8%88%9E%E7%8B%AE%E5%AF%B0,https://p3-sign.douyinpic.com/tos-cn-p-0015c000-ce/oYrwMCOGTDRkcOlLIbXoaAEeBJdDeBVge7IgmB~noop.jpeg?lk3s=bfd515bb&x-expires=1770246000&x-signature=kF8k6Lauuh1FTesAq7fLB63wP9s%3D&from=3218412987,2026-02-04 21:42:41,2026-02-05,热搜,抖音
36,扫雷吃东西挑战,7695971,https://www.douyin.com/search/%E6%89%AB%E9%9B%B7%E5%90%83%E4%B8%9C%E8%A5%BF%E6%8C%91%E6%88%98,https://p3-sign.douyinpic.com/tos-cn-p-0015c000-ce/oMNPAi4EGhBhQBGY4aMHIX0ELiruuhAPkyMC9~noop.jpeg?lk3s=bfd515bb&x-expires=1770246000&x-signature=pTmC0YbxOHJQYO85s1plX4x3ZVI%3D&from=3218412987,2026-02-03 18:29:40,2026-02-05,热搜,抖音
37,苏新皓萌成啥样了,7692518,https://www.douyin.com/search/%E8%8B%8F%E6%96%B0%E7%9A%93%E8%90%8C%E6%88%90%E5%95%A5%E6%A0%B7%E4%BA%86,https://p3-sign.douyinpic.com/tos-cn-p-0015c000-ce/oUnpOkALEE3X75sExEpADD6CgIa5ezEfwAeFG9~noop.jpeg?lk3s=bfd515bb&x-expires=1770246000&x-signature=5oIlOPIoS2n3Mmd303caqSu2jac%3D&from=3218412987,2026-02-04 18:09:20,2026-02-05,热搜,抖音
38,年少有为打工人狠狠共情了,7688799,https://www.douyin.com/search/%E5%B9%B4%E5%B0%91%E6%9C%89%E4%B8%BA%E6%89%93%E5%B7%A5%E4%BA%BA%E7%8B%A0%E7%8B%A0%E5%85%B1%E6%83%85%E4%BA%86,https://p3-sign.douyinpic.com/tos-cn-p-0015/oYXYbPYPIbiuw5CA5iFRUUiQBQCIaJSAyIaOH~noop.jpeg?lk3s=bfd515bb&x-expires=1770246000&x-signature=MZ013kGfLDNDrZ5039xY4DLcL%2FM%3D&from=3218412987,2026-02-04 16:25:09,2026-02-05,热搜,抖音
39,汽水心动预警好像真的存在,7685655,https://www.douyin.com/search/%E6%B1%BD%E6%B0%B4%E5%BF%83%E5%8A%A8%E9%A2%84%E8%AD%A6%E5%A5%BD%E5%83%8F%E7%9C%9F%E7%9A%84%E5%AD%98%E5%9C%A8,https://p3-sign.douyinpic.com/tos-cn-p-0015/oY2IDQxsgAI4AIlQ9FfGcpDBXfgBAEAQNNVYEB~noop.jpeg?lk3s=bfd515bb&x-expires=1770246000&x-signature=P6SiRaoSc7wthvVgw1V1wDWJRf4%3D&from=3218412987,2026-02-04 20:08:58,2026-02-05,热搜,抖音
40,朱志鑫黑t战神,7677979,https://www.douyin.com/search/%E6%9C%B1%E5%BF%97%E9%91%AB%E9%BB%91t%E6%88%98%E7%A5%9E,https://p11-sign.douyinpic.com/tos-cn-p-0015c000-ce/oQ2OYvTYgxdAiDGuUEhAaA0PX4FIMQZBiE8aM~noop.jpeg?lk3s=bfd515bb&x-expires=1770246000&x-signature=yPXGdJyIjEKDRULsbpLPcDj%2BgfI%3D&from=3218412987,2026-02-04 18:08:07,2026-02-05,热搜,抖音
41,刘玫白天嘴硬深夜泪崩心碎,7672147,https://www.douyin.com/search/%E5%88%98%E7%8E%AB%E7%99%BD%E5%A4%A9%E5%98%B4%E7%A1%AC%E6%B7%B1%E5%A4%9C%E6%B3%AA%E5%B4%A9%E5%BF%83%E7%A2%8E,https://p11-sign.douyinpic.com/tos-cn-p-0015/o0Emud9AIAAf2I6CEp2gpV4kDBFdRtgDruuTre~noop.jpeg?lk3s=bfd515bb&x-expires=1770246000&x-signature=vJDPEh7dJNxv4xFiH5Zat%2B8YvsY%3D&from=3218412987,2026-02-04 21:30:57,2026-02-05,热搜,抖音
42,陈哲远给我擦皮鞋变装,7669340,https://www.douyin.com/search/%E9%99%88%E5%93%B2%E8%BF%9C%E7%BB%99%E6%88%91%E6%93%A6%E7%9A%AE%E9%9E%8B%E5%8F%98%E8%A3%85,https://p11-sign.douyinpic.com/tos-cn-p-0015c000-ce/osAZMPYizSBXEJ1WOaEqB4avEqADiIaMOgMPA~noop.jpeg?lk3s=bfd515bb&x-expires=1770246000&x-signature=usVnamBWjwqVOaxbWmQwNRwiMmw%3D&from=3218412987,2026-02-04 19:18:04,2026-02-05,热搜,抖音
43,吃牟平烧烤就要到牟平,7668354,https://www.douyin.com/search/%E5%90%83%E7%89%9F%E5%B9%B3%E7%83%A7%E7%83%A4%E5%B0%B1%E8%A6%81%E5%88%B0%E7%89%9F%E5%B9%B3,https://p26-sign.douyinpic.com/tos-cn-p-0015/oMVEKree7TIoeGBZCbGCISLXtMhBAA8QmOvNQB~noop.jpeg?lk3s=bfd515bb&x-expires=1770246000&x-signature=f8Ni8Qz5veeofwebMDNrRS1KXLw%3D&from=3218412987,2026-02-04 18:04:07,2026-02-05,热搜,抖音
44,惊蛰无声OST阵容官宣,7668036,https://www.douyin.com/search/%E6%83%8A%E8%9B%B0%E6%97%A0%E5%A3%B0OST%E9%98%B5%E5%AE%B9%E5%AE%98%E5%AE%A3,https://p11-sign.douyinpic.com/tos-cn-i-0813c000-ce/oIz9ipCCiAAuMxDAMPAB9Ta8MAILv692oEqKY~noop.jpeg?lk3s=bfd515bb&x-expires=1770246000&x-signature=BpzAmq644N3vmaQaHLrdvh4Zsbc%3D&from=3218412987,2026-02-04 17:18:56,2026-02-05,热搜,抖音
45,崔秀彬跳支弥渡山歌给MOA看,7666708,https://www.douyin.com/search/%E5%B4%94%E7%A7%80%E5%BD%AC%E8%B7%B3%E6%94%AF%E5%BC%A5%E6%B8%A1%E5%B1%B1%E6%AD%8C%E7%BB%99MOA%E7%9C%8B,https://p3-sign.douyinpic.com/tos-cn-p-0015/oMvDggwgfAIaZLq5ED9pSvBOQEEoFAecp0DQYj~noop.jpeg?lk3s=bfd515bb&x-expires=1770246000&x-signature=4r144p1ceuBlzvOrdDmrnCwckAY%3D&from=3218412987,2026-02-04 21:30:34,2026-02-05,热搜,抖音
46,镜头一拉就长大了,7662060,https://www.douyin.com/search/%E9%95%9C%E5%A4%B4%E4%B8%80%E6%8B%89%E5%B0%B1%E9%95%BF%E5%A4%A7%E4%BA%86,https://p11-sign.douyinpic.com/tos-cn-p-0015c000-ce/og6EeIVKwAtBEv24eifMK0BCVEwGUiAMxWZ5BB~noop.jpeg?lk3s=bfd515bb&x-expires=1770246000&x-signature=PWlq80K%2Fkw8YG7vNNhw%2BYpWfHxs%3D&from=3218412987,2026-02-04 10:39:19,2026-02-05,热搜,抖音
47,跟着凌云探秘泉州百年狮阵,7661735,https://www.douyin.com/search/%E8%B7%9F%E7%9D%80%E5%87%8C%E4%BA%91%E6%8E%A2%E7%A7%98%E6%B3%89%E5%B7%9E%E7%99%BE%E5%B9%B4%E7%8B%AE%E9%98%B5,https://p3-sign.douyinpic.com/tos-cn-p-0015/oUICIFAT9uSgAiDp5F6bf3oeFgnAiEYgNarDBy~noop.jpeg?lk3s=bfd515bb&x-expires=1770246000&x-signature=vzevrSzzRB36tfSjIr7Rd%2FO%2BlNc%3D&from=3218412987,2026-02-04 14:35:06,2026-02-05,热搜,抖音
48,丁程鑫也来挑战泼水成冰了,7656047,https://www.douyin.com/search/%E4%B8%81%E7%A8%8B%E9%91%AB%E4%B9%9F%E6%9D%A5%E6%8C%91%E6%88%98%E6%B3%BC%E6%B0%B4%E6%88%90%E5%86%B0%E4%BA%86,https://p26-sign.douyinpic.com/tos-cn-p-0015/okKjEAAFpIan29HgIzAgeLIxGuEnDfdBNvZpZD~noop.jpeg?lk3s=bfd515bb&x-expires=1770246000&x-signature=NvwSyKpmggjA%2FA%2FHDLJ4lMsVmU4%3D&from=3218412987,2026-02-04 18:07:34,2026-02-05,热搜,抖音
49,太平年水丘下线忠臣绝后,7655371,https://www.douyin.com/search/%E5%A4%AA%E5%B9%B3%E5%B9%B4%E6%B0%B4%E4%B8%98%E4%B8%8B%E7%BA%BF%E5%BF%A0%E8%87%A3%E7%BB%9D%E5%90%8E,https://p3-sign.douyinpic.com/tos-cn-p-0015/o4gBALTZBCfrBQG8geGE5aPAIeHqIAmDG0yA7I~noop.jpeg?lk3s=bfd515bb&x-expires=1770246000&x-signature=8qmWcuE%2B2oMmVFBnjLW9fTdFAiQ%3D&from=3218412987,2026-02-04 11:04:11,2026-02-05,热搜,抖音
