index,title,category,hot,url,createtime,type,datetime
1,第一批奶皮子糖葫芦受害者现身,民生新闻,786578,https://s.weibo.com/weibo?q=%E7%AC%AC%E4%B8%80%E6%89%B9%E5%A5%B6%E7%9A%AE%E5%AD%90%E7%B3%96%E8%91%AB%E8%8A%A6%E5%8F%97%E5%AE%B3%E8%80%85%E7%8E%B0%E8%BA%AB&Refer=index,2025-11-05 11:44:21,Weibo,2025-11-05 13:41:48
2,网红瑞恩宝贝去世年仅3岁,"民生新闻,网红",461353,https://s.weibo.com/weibo?q=%E7%BD%91%E7%BA%A2%E7%91%9E%E6%81%A9%E5%AE%9D%E8%B4%9D%E5%8E%BB%E4%B8%96%E5%B9%B4%E4%BB%853%E5%B2%81&Refer=index,2025-11-05 09:28:19,Weibo,2025-11-05 13:41:48
3,第八届进博会,国内时政,31238,https://s.weibo.com/weibo?q=%E7%AC%AC%E5%85%AB%E5%B1%8A%E8%BF%9B%E5%8D%9A%E4%BC%9A&Refer=index,2025-11-05 11:18:21,Weibo,2025-11-05 13:41:48
4,被中方点赞后李在明加送200盒皇南饼,国际时政,387857,https://s.weibo.com/weibo?q=%E8%A2%AB%E4%B8%AD%E6%96%B9%E7%82%B9%E8%B5%9E%E5%90%8E%E6%9D%8E%E5%9C%A8%E6%98%8E%E5%8A%A0%E9%80%81200%E7%9B%92%E7%9A%87%E5%8D%97%E9%A5%BC&Refer=index,2025-11-05 12:03:21,Weibo,2025-11-05 13:41:48
5,林尚武去世,艺人,260863,https://s.weibo.com/weibo?q=%E6%9E%97%E5%B0%9A%E6%AD%A6%E5%8E%BB%E4%B8%96&Refer=index,2025-11-05 12:46:22,Weibo,2025-11-05 13:41:48
6,神二十疑遭碎片撞击,国内时政,309961,https://s.weibo.com/weibo?q=%E7%A5%9E%E4%BA%8C%E5%8D%81%E7%96%91%E9%81%AD%E7%A2%8E%E7%89%87%E6%92%9E%E5%87%BB&Refer=index,2025-11-05 10:54:20,Weibo,2025-11-05 13:41:48
7,新浪新闻探索大会,Unknown,Unknown,https://s.weibo.com/weibo?q=%E6%96%B0%E6%B5%AA%E6%96%B0%E9%97%BB%E6%8E%A2%E7%B4%A2%E5%A4%A7%E4%BC%9A&Refer=index,2025-11-05 13:41:50,Weibo,2025-11-05 13:41:48
8,刘亦菲入选亚太最具影响力青年女性,艺人,249318,https://s.weibo.com/weibo?q=%E5%88%98%E4%BA%A6%E8%8F%B2%E5%85%A5%E9%80%89%E4%BA%9A%E5%A4%AA%E6%9C%80%E5%85%B7%E5%BD%B1%E5%93%8D%E5%8A%9B%E9%9D%92%E5%B9%B4%E5%A5%B3%E6%80%A7&Refer=index,2025-11-05 11:48:20,Weibo,2025-11-05 13:41:48
9,墨西哥女总统当街遭男子猥亵,海外新闻,214769,https://s.weibo.com/weibo?q=%E5%A2%A8%E8%A5%BF%E5%93%A5%E5%A5%B3%E6%80%BB%E7%BB%9F%E5%BD%93%E8%A1%97%E9%81%AD%E7%94%B7%E5%AD%90%E7%8C%A5%E4%BA%B5&Refer=index,2025-11-05 10:04:20,Weibo,2025-11-05 13:41:48
10,小米YU7全网首拆,汽车,206093,https://s.weibo.com/weibo?q=%E5%B0%8F%E7%B1%B3YU7%E5%85%A8%E7%BD%91%E9%A6%96%E6%8B%86&Refer=index,2025-11-05 11:54:22,Weibo,2025-11-05 13:41:48
11,龚琳娜说还欣赏前夫 鲁豫绷不住了,综艺,183133,https://s.weibo.com/weibo?q=%E9%BE%9A%E7%90%B3%E5%A8%9C%E8%AF%B4%E8%BF%98%E6%AC%A3%E8%B5%8F%E5%89%8D%E5%A4%AB%20%E9%B2%81%E8%B1%AB%E7%BB%B7%E4%B8%8D%E4%BD%8F%E4%BA%86&Refer=index,2025-11-05 12:27:21,Weibo,2025-11-05 13:41:48
12,翁帆疑似未入职清华大学当讲师,民生新闻,874206,https://s.weibo.com/weibo?q=%E7%BF%81%E5%B8%86%E7%96%91%E4%BC%BC%E6%9C%AA%E5%85%A5%E8%81%8C%E6%B8%85%E5%8D%8E%E5%A4%A7%E5%AD%A6%E5%BD%93%E8%AE%B2%E5%B8%88&Refer=index,2025-11-05 12:16:21,Weibo,2025-11-05 13:41:48
13,收到了去世朋友7年前的邮件,"情感,休闲",766547,https://s.weibo.com/weibo?q=%E6%94%B6%E5%88%B0%E4%BA%86%E5%8E%BB%E4%B8%96%E6%9C%8B%E5%8F%8B7%E5%B9%B4%E5%89%8D%E7%9A%84%E9%82%AE%E4%BB%B6&Refer=index,2025-11-05 12:10:21,Weibo,2025-11-05 13:41:48
14,赵樱子听到张康乐的反应,艺人,712740,https://s.weibo.com/weibo?q=%E8%B5%B5%E6%A8%B1%E5%AD%90%E5%90%AC%E5%88%B0%E5%BC%A0%E5%BA%B7%E4%B9%90%E7%9A%84%E5%8F%8D%E5%BA%94&Refer=index,2025-11-05 12:20:21,Weibo,2025-11-05 13:41:48
15,老人火化后骨灰里多出4颗钢钉,民生新闻,440759,https://s.weibo.com/weibo?q=%E8%80%81%E4%BA%BA%E7%81%AB%E5%8C%96%E5%90%8E%E9%AA%A8%E7%81%B0%E9%87%8C%E5%A4%9A%E5%87%BA4%E9%A2%97%E9%92%A2%E9%92%89&Refer=index,2025-11-05 12:06:20,Weibo,2025-11-05 13:41:48
16,女子名叫丽春多次申请改名被拒,民生新闻,305530,https://s.weibo.com/weibo?q=%E5%A5%B3%E5%AD%90%E5%90%8D%E5%8F%AB%E4%B8%BD%E6%98%A5%E5%A4%9A%E6%AC%A1%E7%94%B3%E8%AF%B7%E6%94%B9%E5%90%8D%E8%A2%AB%E6%8B%92&Refer=index,2025-11-05 12:54:21,Weibo,2025-11-05 13:41:48
17,福建舰入列,军事,274465,https://s.weibo.com/weibo?q=%E7%A6%8F%E5%BB%BA%E8%88%B0%E5%85%A5%E5%88%97&Refer=index,2025-11-05 12:39:23,Weibo,2025-11-05 13:41:48
18,向太称子女敢去美国就捐光家产,艺人,227605,https://s.weibo.com/weibo?q=%E5%90%91%E5%A4%AA%E7%A7%B0%E5%AD%90%E5%A5%B3%E6%95%A2%E5%8E%BB%E7%BE%8E%E5%9B%BD%E5%B0%B1%E6%8D%90%E5%85%89%E5%AE%B6%E4%BA%A7&Refer=index,2025-11-05 13:33:20,Weibo,2025-11-05 13:41:48
19,新闻女王2开局11广,剧集,175095,https://s.weibo.com/weibo?q=%E6%96%B0%E9%97%BB%E5%A5%B3%E7%8E%8B2%E5%BC%80%E5%B1%8011%E5%B9%BF&Refer=index,2025-11-05 13:26:20,Weibo,2025-11-05 13:41:48
20,请6休17,民生新闻,72306,https://s.weibo.com/weibo?q=%E8%AF%B76%E4%BC%9117&Refer=index,2025-11-05 13:34:22,Weibo,2025-11-05 13:41:48
21,骑手社保咨询处挤满保安快递员,民生新闻,116467,https://s.weibo.com/weibo?q=%E9%AA%91%E6%89%8B%E7%A4%BE%E4%BF%9D%E5%92%A8%E8%AF%A2%E5%A4%84%E6%8C%A4%E6%BB%A1%E4%BF%9D%E5%AE%89%E5%BF%AB%E9%80%92%E5%91%98&Refer=index,2025-11-05 13:04:21,Weibo,2025-11-05 13:41:48
22,巧克力 孟子义嫡长狗,综艺,216336,https://s.weibo.com/weibo?q=%E5%B7%A7%E5%85%8B%E5%8A%9B%20%E5%AD%9F%E5%AD%90%E4%B9%89%E5%AB%A1%E9%95%BF%E7%8B%97&Refer=index,2025-11-05 12:33:22,Weibo,2025-11-05 13:41:48
23,张艺兴 我们去睡觉好吧,艺人,289903,https://s.weibo.com/weibo?q=%E5%BC%A0%E8%89%BA%E5%85%B4%20%E6%88%91%E4%BB%AC%E5%8E%BB%E7%9D%A1%E8%A7%89%E5%A5%BD%E5%90%A7&Refer=index,2025-11-05 11:35:21,Weibo,2025-11-05 13:41:48
24,孙乐言主持界首个拿下奥斯卡的人,综艺,244009,https://s.weibo.com/weibo?q=%E5%AD%99%E4%B9%90%E8%A8%80%E4%B8%BB%E6%8C%81%E7%95%8C%E9%A6%96%E4%B8%AA%E6%8B%BF%E4%B8%8B%E5%A5%A5%E6%96%AF%E5%8D%A1%E7%9A%84%E4%BA%BA&Refer=index,2025-11-05 13:10:22,Weibo,2025-11-05 13:41:48
25,全红婵并腿的权威性,体育,197384,https://s.weibo.com/weibo?q=%E5%85%A8%E7%BA%A2%E5%A9%B5%E5%B9%B6%E8%85%BF%E7%9A%84%E6%9D%83%E5%A8%81%E6%80%A7&Refer=index,2025-11-05 10:58:20,Weibo,2025-11-05 13:41:48
26,微信式恋爱,"情感,休闲",174365,https://s.weibo.com/weibo?q=%E5%BE%AE%E4%BF%A1%E5%BC%8F%E6%81%8B%E7%88%B1&Refer=index,2025-11-05 12:00:21,Weibo,2025-11-05 13:41:48
27,超级满月今晚21点19分见,民生新闻,38490,https://s.weibo.com/weibo?q=%E8%B6%85%E7%BA%A7%E6%BB%A1%E6%9C%88%E4%BB%8A%E6%99%9A21%E7%82%B919%E5%88%86%E8%A7%81&Refer=index,2025-11-05 13:16:21,Weibo,2025-11-05 13:41:48
28,陈伟霆你不是黄明昊 别喂黄景瑜,艺人,170950,https://s.weibo.com/weibo?q=%E9%99%88%E4%BC%9F%E9%9C%86%E4%BD%A0%E4%B8%8D%E6%98%AF%E9%BB%84%E6%98%8E%E6%98%8A%20%E5%88%AB%E5%96%82%E9%BB%84%E6%99%AF%E7%91%9C&Refer=index,2025-11-05 13:30:22,Weibo,2025-11-05 13:41:48
29,戚薇大侦探演唱会路透,艺人,152505,https://s.weibo.com/weibo?q=%E6%88%9A%E8%96%87%E5%A4%A7%E4%BE%A6%E6%8E%A2%E6%BC%94%E5%94%B1%E4%BC%9A%E8%B7%AF%E9%80%8F&Refer=index,2025-11-05 13:26:20,Weibo,2025-11-05 13:41:48
30,梁景仁下线,剧集,144570,https://s.weibo.com/weibo?q=%E6%A2%81%E6%99%AF%E4%BB%81%E4%B8%8B%E7%BA%BF&Refer=index,2025-11-05 13:32:21,Weibo,2025-11-05 13:41:48
31,继续暂停实施24%的对美加征关税税率,国际时政,96396,https://s.weibo.com/weibo?q=%E7%BB%A7%E7%BB%AD%E6%9A%82%E5%81%9C%E5%AE%9E%E6%96%BD24%25%E7%9A%84%E5%AF%B9%E7%BE%8E%E5%8A%A0%E5%BE%81%E5%85%B3%E7%A8%8E%E7%A8%8E%E7%8E%87&Refer=index,2025-11-05 13:28:20,Weibo,2025-11-05 13:41:48
32,吴镇宇刷老年卡被质疑,艺人,153004,https://s.weibo.com/weibo?q=%E5%90%B4%E9%95%87%E5%AE%87%E5%88%B7%E8%80%81%E5%B9%B4%E5%8D%A1%E8%A2%AB%E8%B4%A8%E7%96%91&Refer=index,2025-11-05 07:38:19,Weibo,2025-11-05 13:41:48
33,女子迷上奶皮子糖葫芦吃出糖化脸,民生新闻,142584,https://s.weibo.com/weibo?q=%E5%A5%B3%E5%AD%90%E8%BF%B7%E4%B8%8A%E5%A5%B6%E7%9A%AE%E5%AD%90%E7%B3%96%E8%91%AB%E8%8A%A6%E5%90%83%E5%87%BA%E7%B3%96%E5%8C%96%E8%84%B8&Refer=index,2025-11-05 12:10:21,Weibo,2025-11-05 13:41:48
34,女子穿运动内衣跑完越野胸部染色,民生新闻,136060,https://s.weibo.com/weibo?q=%E5%A5%B3%E5%AD%90%E7%A9%BF%E8%BF%90%E5%8A%A8%E5%86%85%E8%A1%A3%E8%B7%91%E5%AE%8C%E8%B6%8A%E9%87%8E%E8%83%B8%E9%83%A8%E6%9F%93%E8%89%B2&Refer=index,2025-11-05 12:58:22,Weibo,2025-11-05 13:41:48
35,刘宇宁巡演抢票,演出,135944,https://s.weibo.com/weibo?q=%E5%88%98%E5%AE%87%E5%AE%81%E5%B7%A1%E6%BC%94%E6%8A%A2%E7%A5%A8&Refer=index,2025-11-05 13:37:21,Weibo,2025-11-05 13:41:48
36,张柏芝 排队都轮不到你,综艺,131408,https://s.weibo.com/weibo?q=%E5%BC%A0%E6%9F%8F%E8%8A%9D%20%E6%8E%92%E9%98%9F%E9%83%BD%E8%BD%AE%E4%B8%8D%E5%88%B0%E4%BD%A0&Refer=index,2025-11-05 12:48:22,Weibo,2025-11-05 13:41:48
37,于正约吴谨言商议后续的戏,艺人,126919,https://s.weibo.com/weibo?q=%E4%BA%8E%E6%AD%A3%E7%BA%A6%E5%90%B4%E8%B0%A8%E8%A8%80%E5%95%86%E8%AE%AE%E5%90%8E%E7%BB%AD%E7%9A%84%E6%88%8F&Refer=index,2025-11-05 13:11:23,Weibo,2025-11-05 13:41:48
38,内娱中女含金量还在上升,艺人,123355,https://s.weibo.com/weibo?q=%E5%86%85%E5%A8%B1%E4%B8%AD%E5%A5%B3%E5%90%AB%E9%87%91%E9%87%8F%E8%BF%98%E5%9C%A8%E4%B8%8A%E5%8D%87&Refer=index,2025-11-05 12:45:22,Weibo,2025-11-05 13:41:48
39,崩铁Cyrene昔涟神迹,游戏,123233,https://s.weibo.com/weibo?q=%E5%B4%A9%E9%93%81Cyrene%E6%98%94%E6%B6%9F%E7%A5%9E%E8%BF%B9&Refer=index,2025-11-05 13:41:22,Weibo,2025-11-05 13:41:48
40,三部剧拼拼凑凑看完了琅琊王的一生,剧集,40542,https://s.weibo.com/weibo?q=%E4%B8%89%E9%83%A8%E5%89%A7%E6%8B%BC%E6%8B%BC%E5%87%91%E5%87%91%E7%9C%8B%E5%AE%8C%E4%BA%86%E7%90%85%E7%90%8A%E7%8E%8B%E7%9A%84%E4%B8%80%E7%94%9F&Refer=index,2025-11-05 13:32:21,Weibo,2025-11-05 13:41:48
41,石宇奇又又又换发色了,体育,54137,https://s.weibo.com/weibo?q=%E7%9F%B3%E5%AE%87%E5%A5%87%E5%8F%88%E5%8F%88%E5%8F%88%E6%8D%A2%E5%8F%91%E8%89%B2%E4%BA%86&Refer=index,2025-11-05 13:24:21,Weibo,2025-11-05 13:41:48
42,太阳vs勇士,体育,114730,https://s.weibo.com/weibo?q=%E5%A4%AA%E9%98%B3vs%E5%8B%87%E5%A3%AB&Refer=index,2025-11-05 13:36:22,Weibo,2025-11-05 13:41:48
43,原来有酒窝的人脸部肌肉天生独特,幽默,106592,https://s.weibo.com/weibo?q=%E5%8E%9F%E6%9D%A5%E6%9C%89%E9%85%92%E7%AA%9D%E7%9A%84%E4%BA%BA%E8%84%B8%E9%83%A8%E8%82%8C%E8%82%89%E5%A4%A9%E7%94%9F%E7%8B%AC%E7%89%B9&Refer=index,2025-11-05 09:28:19,Weibo,2025-11-05 13:41:48
44,Oner蒙多出装照抄Tarzan,电竞,109818,https://s.weibo.com/weibo?q=Oner%E8%92%99%E5%A4%9A%E5%87%BA%E8%A3%85%E7%85%A7%E6%8A%84Tarzan&Refer=index,2025-11-05 12:58:22,Weibo,2025-11-05 13:41:48
45,家长抱婴儿在学校路边值护学岗,民生新闻,107282,https://s.weibo.com/weibo?q=%E5%AE%B6%E9%95%BF%E6%8A%B1%E5%A9%B4%E5%84%BF%E5%9C%A8%E5%AD%A6%E6%A0%A1%E8%B7%AF%E8%BE%B9%E5%80%BC%E6%8A%A4%E5%AD%A6%E5%B2%97&Refer=index,2025-11-05 11:12:21,Weibo,2025-11-05 13:41:48
46,令人心动的offer,综艺,105433,https://s.weibo.com/weibo?q=%E4%BB%A4%E4%BA%BA%E5%BF%83%E5%8A%A8%E7%9A%84offer&Refer=index,2025-11-05 12:29:22,Weibo,2025-11-05 13:41:48
47,周深汪苏泷宋亚轩 洗杯三兄弟全来了,综艺,104428,https://s.weibo.com/weibo?q=%E5%91%A8%E6%B7%B1%E6%B1%AA%E8%8B%8F%E6%B3%B7%E5%AE%8B%E4%BA%9A%E8%BD%A9%20%E6%B4%97%E6%9D%AF%E4%B8%89%E5%85%84%E5%BC%9F%E5%85%A8%E6%9D%A5%E4%BA%86&Refer=index,2025-11-05 12:30:23,Weibo,2025-11-05 13:41:48
48,常华森天地剑心戏份,剧集,104391,https://s.weibo.com/weibo?q=%E5%B8%B8%E5%8D%8E%E6%A3%AE%E5%A4%A9%E5%9C%B0%E5%89%91%E5%BF%83%E6%88%8F%E4%BB%BD&Refer=index,2025-11-05 10:41:20,Weibo,2025-11-05 13:41:48
49,小狗醒了但小狗不想出被窝,幽默,103830,https://s.weibo.com/weibo?q=%E5%B0%8F%E7%8B%97%E9%86%92%E4%BA%86%E4%BD%86%E5%B0%8F%E7%8B%97%E4%B8%8D%E6%83%B3%E5%87%BA%E8%A2%AB%E7%AA%9D&Refer=index,2025-11-05 13:22:19,Weibo,2025-11-05 13:41:48
50,大侦探十周年闪耀大赏,综艺,103625,https://s.weibo.com/weibo?q=%E5%A4%A7%E4%BE%A6%E6%8E%A2%E5%8D%81%E5%91%A8%E5%B9%B4%E9%97%AA%E8%80%80%E5%A4%A7%E8%B5%8F&Refer=index,2025-11-05 12:30:23,Weibo,2025-11-05 13:41:48
51,房中房中房中房中房,幽默,102817,https://s.weibo.com/weibo?q=%E6%88%BF%E4%B8%AD%E6%88%BF%E4%B8%AD%E6%88%BF%E4%B8%AD%E6%88%BF%E4%B8%AD%E6%88%BF&Refer=index,2025-11-05 13:40:19,Weibo,2025-11-05 13:41:48
