index,title,desc,hot,url,image,source,type,datetime,createtime
1,寒潮暴雪来了,寒潮暴雪来了,,https://search.bilibili.com/all?keyword=%E5%AF%92%E6%BD%AE%E6%9A%B4%E9%9B%AA%E6%9D%A5%E4%BA%86,,哔哩哔哩,热门搜索,2025-12-10 00:24:31,
2,揭秘低价白胡椒造假链条,揭秘低价白胡椒造假链条,,https://search.bilibili.com/all?keyword=%E6%8F%AD%E7%A7%98%E4%BD%8E%E4%BB%B7%E7%99%BD%E8%83%A1%E6%A4%92%E9%80%A0%E5%81%87%E9%93%BE%E6%9D%A1,,哔哩哔哩,热门搜索,2025-12-10 00:24:31,
3,苏炳添宣布退役,苏炳添宣布退役,,https://search.bilibili.com/all?keyword=%E8%8B%8F%E7%82%B3%E6%B7%BB%E5%AE%A3%E5%B8%83%E9%80%80%E5%BD%B9,,哔哩哔哩,热门搜索,2025-12-10 00:24:31,
4,外交部建议日本记者去问问日本,外交部建议日本记者去问问日本,,https://search.bilibili.com/all?keyword=%E5%A4%96%E4%BA%A4%E9%83%A8%E5%BB%BA%E8%AE%AE%E6%97%A5%E6%9C%AC%E8%AE%B0%E8%80%85%E5%8E%BB%E9%97%AE%E9%97%AE%E6%97%A5%E6%9C%AC,,哔哩哔哩,热门搜索,2025-12-10 00:24:31,
5,BB大王x章昊挑战读评论,BB大王x章昊挑战读评论,,https://search.bilibili.com/all?keyword=BB%E5%A4%A7%E7%8E%8Bx%E7%AB%A0%E6%98%8A%E6%8C%91%E6%88%98%E8%AF%BB%E8%AF%84%E8%AE%BA,,哔哩哔哩,热门搜索,2025-12-10 00:24:31,
6,苏炳添 跋涉归来再次起跑,苏炳添 跋涉归来再次起跑,,https://search.bilibili.com/all?keyword=%E8%8B%8F%E7%82%B3%E6%B7%BB%20%E8%B7%8B%E6%B6%89%E5%BD%92%E6%9D%A5%E5%86%8D%E6%AC%A1%E8%B5%B7%E8%B7%91,,哔哩哔哩,热门搜索,2025-12-10 00:24:31,
7,应该如何面对虚无主义,应该如何面对虚无主义,,https://search.bilibili.com/all?keyword=%E5%BA%94%E8%AF%A5%E5%A6%82%E4%BD%95%E9%9D%A2%E5%AF%B9%E8%99%9A%E6%97%A0%E4%B8%BB%E4%B9%89,,哔哩哔哩,热门搜索,2025-12-10 00:24:31,
8,2025年或为有记录以来第二热年,2025年或为有记录以来第二热年,,https://search.bilibili.com/all?keyword=2025%E5%B9%B4%E6%88%96%E4%B8%BA%E6%9C%89%E8%AE%B0%E5%BD%95%E4%BB%A5%E6%9D%A5%E7%AC%AC%E4%BA%8C%E7%83%AD%E5%B9%B4,,哔哩哔哩,热门搜索,2025-12-10 00:24:31,
9,NMIXX翻唱UP主AI版大东北,NMIXX翻唱UP主AI版大东北,,https://search.bilibili.com/all?keyword=NMIXX%E7%BF%BB%E5%94%B1UP%E4%B8%BBAI%E7%89%88%E5%A4%A7%E4%B8%9C%E5%8C%97,,哔哩哔哩,热门搜索,2025-12-10 00:24:31,
10,深度盘点委内瑞拉防空体系,深度盘点委内瑞拉防空体系,,https://search.bilibili.com/all?keyword=%E6%B7%B1%E5%BA%A6%E7%9B%98%E7%82%B9%E5%A7%94%E5%86%85%E7%91%9E%E6%8B%89%E9%98%B2%E7%A9%BA%E4%BD%93%E7%B3%BB,,哔哩哔哩,热门搜索,2025-12-10 00:24:31,
11,跟着蛋神煮鸡蛋,跟着蛋神煮鸡蛋,,https://search.bilibili.com/all?keyword=%E8%B7%9F%E7%9D%80%E8%9B%8B%E7%A5%9E%E7%85%AE%E9%B8%A1%E8%9B%8B,,哔哩哔哩,热门搜索,2025-12-10 00:24:31,
12,11月国产新剧测评,11月国产新剧测评,,https://search.bilibili.com/all?keyword=11%E6%9C%88%E5%9B%BD%E4%BA%A7%E6%96%B0%E5%89%A7%E6%B5%8B%E8%AF%84,,哔哩哔哩,热门搜索,2025-12-10 00:24:31,
13,如何评价萨拉赫事件,如何评价萨拉赫事件,,https://search.bilibili.com/all?keyword=%E5%A6%82%E4%BD%95%E8%AF%84%E4%BB%B7%E8%90%A8%E6%8B%89%E8%B5%AB%E4%BA%8B%E4%BB%B6,,哔哩哔哩,热门搜索,2025-12-10 00:24:31,
14,原神剧情PV 未尽的笔墨,原神剧情PV 未尽的笔墨,,https://search.bilibili.com/all?keyword=%E5%8E%9F%E7%A5%9E%E5%89%A7%E6%83%85PV%20%E6%9C%AA%E5%B0%BD%E7%9A%84%E7%AC%94%E5%A2%A8,,哔哩哔哩,热门搜索,2025-12-10 00:24:31,
15,无畏挑杯三连MVP,无畏挑杯三连MVP,,https://search.bilibili.com/all?keyword=%E6%97%A0%E7%95%8F%E6%8C%91%E6%9D%AF%E4%B8%89%E8%BF%9EMVP,,哔哩哔哩,热门搜索,2025-12-10 00:24:31,
16,有秘密的我们2 年度气人综艺,有秘密的我们2 年度气人综艺,,https://search.bilibili.com/all?keyword=%E6%9C%89%E7%A7%98%E5%AF%86%E7%9A%84%E6%88%91%E4%BB%AC2%20%E5%B9%B4%E5%BA%A6%E6%B0%94%E4%BA%BA%E7%BB%BC%E8%89%BA,,哔哩哔哩,热门搜索,2025-12-10 00:24:31,
17,考研数学大题冲刺,考研数学大题冲刺,,https://search.bilibili.com/all?keyword=%E8%80%83%E7%A0%94%E6%95%B0%E5%AD%A6%E5%A4%A7%E9%A2%98%E5%86%B2%E5%88%BA,,哔哩哔哩,热门搜索,2025-12-10 00:24:31,
18,UP主评王者打野梯度,UP主评王者打野梯度,,https://search.bilibili.com/all?keyword=UP%E4%B8%BB%E8%AF%84%E7%8E%8B%E8%80%85%E6%89%93%E9%87%8E%E6%A2%AF%E5%BA%A6,,哔哩哔哩,热门搜索,2025-12-10 00:24:31,
19,重庆狼队32强单曲,重庆狼队32强单曲,,https://search.bilibili.com/all?keyword=%E9%87%8D%E5%BA%86%E7%8B%BC%E9%98%9F32%E5%BC%BA%E5%8D%95%E6%9B%B2,,哔哩哔哩,热门搜索,2025-12-10 00:24:31,
20,平行宇宙的武林外传,平行宇宙的武林外传,,https://search.bilibili.com/all?keyword=%E5%B9%B3%E8%A1%8C%E5%AE%87%E5%AE%99%E7%9A%84%E6%AD%A6%E6%9E%97%E5%A4%96%E4%BC%A0,,哔哩哔哩,热门搜索,2025-12-10 00:24:31,
1,骑手月入一万五，为何住500元毛坯房？,有女儿之后，他不再做游戏大神，跑起了外卖。如果做父亲有段位，那他一定是“王者”！,580876,https://b23.tv/BV1XY2yBhEnS,http://i0.hdslb.com/bfs/archive/0963134834c2f650a063ad2dcba7434b58823a4b.jpg,哔哩哔哩,全站热门视频,2025-12-10 00:24:31,1765251000.0
2,恭喜发财，但是英语版,,221364,https://b23.tv/BV1Bx2ZBCEDu,http://i0.hdslb.com/bfs/archive/ac8383269e40270083f78fec32b23727a47e30a0.jpg,哔哩哔哩,全站热门视频,2025-12-10 00:24:31,1765076778.0
3,零下20度的长白山长什么样？,这一次我们来到了长白山，想给大家拍一些免费的雪景素材。把这片冬天独有的长白山，最美好的样子呈现给你！这次的素材我们也上传到了官网（ysjf.com），欢迎大家去看看~如果你喜欢这期视频，请多多支持我们，并把视频分享给你的朋友们一起看看！,560379,https://b23.tv/BV1wK2QBPEDv,http://i1.hdslb.com/bfs/archive/5948366e293781fa9c36d0c7552e16da7918cd79.jpg,哔哩哔哩,全站热门视频,2025-12-10 00:24:31,1765271640.0
4,朋友说我的声音像miku,-,1383447,https://b23.tv/BV1R82HBNEqR,http://i1.hdslb.com/bfs/archive/989493adca5a38abe6f2337f4f26dba243b3d0bf.jpg,哔哩哔哩,全站热门视频,2025-12-10 00:24:31,1764995543.0
5,笑出眼泪！4个汉字错3个，互联网热门老外中文纹身赏析，简直太坑了！,那些互联网热门老外身上的奇葩中文字赏析，太多被坑的啦！,498590,https://b23.tv/BV1ee2WBgEJf,http://i1.hdslb.com/bfs/archive/c4dcc3899d0774923ca2850fbc439c25b44ba322.jpg,哔哩哔哩,全站热门视频,2025-12-10 00:24:31,1765073100.0
6,吃,,883462,https://b23.tv/BV1cG2kBMEaY,http://i1.hdslb.com/bfs/archive/10edd1d27fc6dfa580d7f3df31c820b4caf07ca8.jpg,哔哩哔哩,全站热门视频,2025-12-10 00:24:31,1765192350.0
7,笑着给我花钱的人出现了，是我自己,-,467024,https://b23.tv/BV1oj2QBxERt,http://i2.hdslb.com/bfs/archive/933dcf0028fb00ddf63cc7a15100f3be2f5b3565.jpg,哔哩哔哩,全站热门视频,2025-12-10 00:24:31,1765269440.0
8,你以为的几何学，实际上的几何学,-,1778874,https://b23.tv/BV1UR2EBnE4n,http://i1.hdslb.com/bfs/archive/3941a894d2749a3b737c1c9765d107b7bcce5744.jpg,哔哩哔哩,全站热门视频,2025-12-10 00:24:31,1764961225.0
9,幸福的真谛就是不要和人比！,-,730437,https://b23.tv/BV1h52CBREKu,http://i2.hdslb.com/bfs/archive/516e4712d73e42c6921093a8c12bec757f710abe.jpg,哔哩哔哩,全站热门视频,2025-12-10 00:24:31,1765181236.0
10,地理老师的摩旅日记23:流水的分选性（斯托克斯定律）,-,2904415,https://b23.tv/BV168mwB4EkL,http://i1.hdslb.com/bfs/archive/30bb30d0059e746ac38c0c1c923a3a1ad5da1d73.jpg,哔哩哔哩,全站热门视频,2025-12-10 00:24:31,1765101449.0
11,【炎帝伙伴PV】“吾火，照临八荒！”,"神农炎帝至，三界庆嘉年！《梦幻西游网页版》嘉年华活动今日正式开启！
全新联动特殊伙伴【炎帝】踏火而来，嘉年华联动活动【林海仙踪】同步上线，巍巍华夏，薪火相传，让我们一同追随炎帝的足迹，嘉年入梦神农架，探寻华夏人文始祖的故事吧！

注：本故事为基于游戏设定制作的改编内容",553129,https://b23.tv/BV1Gr2UBkEvc,http://i1.hdslb.com/bfs/archive/66bbc19c5defdb74be0598fb07d196109876bf75.jpg,哔哩哔哩,全站热门视频,2025-12-10 00:24:31,1765267200.0
12,听到光头强光头能绷住的也是神人了,-,2347082,https://b23.tv/BV1jS2oBuEKz,http://i1.hdslb.com/bfs/archive/cd2844e9a912376490e6a1466ad0fe2acae3225b.jpg,哔哩哔哩,全站热门视频,2025-12-10 00:24:31,1765078727.0
13,谁能坚持到最后,-,1101136,https://b23.tv/BV1822WBwEAz,http://i2.hdslb.com/bfs/archive/6534fc67b2ba2934acb739617faab2e9d0c6499b.jpg,哔哩哔哩,全站热门视频,2025-12-10 00:24:31,1765009723.0
14,大牙|| 肖4新思想分析题，万能答题公式，快来学！,,604211,https://b23.tv/BV1pT2kBrEdd,http://i0.hdslb.com/bfs/archive/50d5b695a3daed7171b326a9de058c7e3a601d78.jpg,哔哩哔哩,全站热门视频,2025-12-10 00:24:31,1765192135.0
15,我们用一个月，为她们建一个家。重庆儿童医院妈妈们诠释了为母则刚！她们值得被看见！,-,1823402,https://b23.tv/BV1qf2QBoEnd,http://i1.hdslb.com/bfs/archive/4c7c952e15b54d96fd65ad405cd1a98e8dea4fef.jpg,哔哩哔哩,全站热门视频,2025-12-10 00:24:31,1765029178.0
16,学生：这把高端局🤓☝,点赞投币后果然有好运buff加成了～,210897,https://b23.tv/BV1SD2DBVEx1,http://i2.hdslb.com/bfs/archive/a8a0284cf276fc209991d1c0dc0848e2804689b1.jpg,哔哩哔哩,全站热门视频,2025-12-10 00:24:31,1765272846.0
17,乌兹别克棉花案是如何结束的？【神奇组织44】,"本篇为神奇组织特别篇之苏联大案调查：乌兹别克棉花案（四）。

参考资料：
格德良和尼古拉·伊万诺夫2001年出版《克里姆林宫案》
卡利尼琴科2002年出版《1400亿案，或者是调查员的7060天》
列昂尼德·米哈伊洛维奇·姆列钦2009年出版《戈尔巴乔夫和叶利钦：革命、改革和反革命》
《政治局腐败：红色乌兹别克斯坦案》
1988年苏联《农村青年》杂志文章《聋人的阴谋》
费多尔·拉扎科夫2019年出版《拯救拉希多夫：克格勃踢足球》
谢尔盖·霍罗多夫2021年出版《20世纪俄罗斯国家犯罪和经济犯罪史》
谢尔盖",1821573,https://b23.tv/BV1ne2rBPEYi,http://i2.hdslb.com/bfs/archive/d4147fe7898512968c1487a85f55d08811f6626f.jpg,哔哩哔哩,全站热门视频,2025-12-10 00:24:31,1765184400.0
18,大牙|| 肖4马原分析题精讲带背，一听你就会！,,1418786,https://b23.tv/BV1LV2fBrEuJ,http://i1.hdslb.com/bfs/archive/f233e35a522843aebf085e1b208fc64e2c6ed535.jpg,哔哩哔哩,全站热门视频,2025-12-10 00:24:31,1765068847.0
19,我终于来到了这辈子参观次数最多的景点！！,我这辈子参观次数最多的景点绝对是每次打开电脑看到的这个沙滩，不知道你是否跟我一样好奇过这照片到底在我们星球哪个位置拍的？在Win10操作系统发布十年后的今天，我终于要去地球另一端解开心中的的疑问了！！！而这个地方，就在一个距离我们超级遥远的南半球国家，新西兰，超美的一个国家啊啊啊啊啊！！！,4314367,https://b23.tv/BV1dvmFBLEyW,http://i1.hdslb.com/bfs/archive/20ec38dcb5c06f3a393f75a6ef7011c56f60a717.jpg,哔哩哔哩,全站热门视频,2025-12-10 00:24:31,1765090246.0
20,《不听姐姐言，芒果在眼前》,...,1041687,https://b23.tv/BV1EH2kBwEtS,http://i0.hdslb.com/bfs/archive/1b9f4585027a6a0f75bf7f1473ba3fc3e3bbd42c.jpg,哔哩哔哩,全站热门视频,2025-12-10 00:24:31,1765193841.0
21,印医生在美性侵2岁、4岁幼儿，美国人怎么说？,,450247,https://b23.tv/BV1f82DBoEQw,http://i0.hdslb.com/bfs/archive/81d89b28370bd3881e917ccef80249735c879977.jpg,哔哩哔哩,全站热门视频,2025-12-10 00:24:31,1765276267.0
22,烧脑程度不亚于九子夺嫡,,8973621,https://b23.tv/BV1Ew2pBVEs8,http://i1.hdslb.com/bfs/archive/861e7c65648eeff272e09d5ce9a563575fd82d1b.jpg,哔哩哔哩,全站热门视频,2025-12-10 00:24:31,1764994528.0
23,画面接近现实！当我把济南5A景区做进了游戏！高斯模型UE5技术演示 3DGS结合人工智能,"一个人耗时2个月连续加班
一个人全包：扫描+建模+程序+前后端+部署

山东济南大明湖面积:100万平方米
这个是美术模型无RTK信息和地理位置信息不算测绘",3873979,https://b23.tv/BV1YE2LBEEfe,http://i2.hdslb.com/bfs/archive/557db533174ea0244e0be4548dd2a142c1b60eb7.jpg,哔哩哔哩,全站热门视频,2025-12-10 00:24:31,1764927918.0
24,“长大后才发现，导演这片子拍的绝了！”,,3853408,https://b23.tv/BV16H2WBEEPL,http://i0.hdslb.com/bfs/archive/5ee517b8b60ed03aee3a9aad6a2fcf7e92dc91d1.jpg,哔哩哔哩,全站热门视频,2025-12-10 00:24:31,1765013877.0
25,如何用四分钟把一个福建人唱红温☝️,"全国各地都能学会的闽南语教学（雾）

主唱：代佳怡 @诡佳目  
吉他：朱禹杭
鼓手：雷一鸣 
键盘/编曲：大熊
摄影/剪辑：王江
录音/混音/贝斯：岳上森",5053731,https://b23.tv/BV1km27BTEzr,http://i1.hdslb.com/bfs/archive/1c58f875e572e4b29591719c666e4be47e3837f9.jpg,哔哩哔哩,全站热门视频,2025-12-10 00:24:31,1764935276.0
26,美国最会玩的副总统,-,1925427,https://b23.tv/BV1W82CByEMv,http://i0.hdslb.com/bfs/archive/4b75db7c8fc7cf2c05fcae7cf7b7a599946cb95b.jpg,哔哩哔哩,全站热门视频,2025-12-10 00:24:31,1765187400.0
27,只用3分钟！马克龙能被我教会几个成语？,2025法欣社的究极牌面时刻！,1909166,https://b23.tv/BV1Uq26BGEtd,http://i0.hdslb.com/bfs/archive/1c0b86c53bb5035303d8d2585837f77efedbbaec.jpg,哔哩哔哩,全站热门视频,2025-12-10 00:24:31,1765188000.0
28,快叫你朋友来看世界纪录挑战1,快叫你朋友来看世界纪录挑战1,1071480,https://b23.tv/BV1Q32CBoE2Y,http://i1.hdslb.com/bfs/archive/842e552669defb0dcf844dea31dbf492f33866c8.jpg,哔哩哔哩,全站热门视频,2025-12-10 00:24:31,1765186622.0
29,把韩国一位出道的爱豆拉来和我读评论了？！,"和章昊一起挑战读评论！
这个视频10年内很难有人看懂，小短综超！长！下！饭！
以后这个短综尽量做成系列吧。。。",129377,https://b23.tv/BV15RmJBPENr,http://i2.hdslb.com/bfs/archive/7196f1e701dd9fe21981923d41ca45d84b8484ba.jpg,哔哩哔哩,全站热门视频,2025-12-10 00:24:31,1765283593.0
30,邀请博主猜历史人物第十期,-,524654,https://b23.tv/BV1Xa2kBWEKM,http://i2.hdslb.com/bfs/archive/547bdc1391a76a106fdaa03c8fd97d9fb04ae83a.jpg,哔哩哔哩,全站热门视频,2025-12-10 00:24:31,1765197000.0
31,剥蒜的情谊90.0,"在其他地方看到有趣的视频都可以艾特我 我去申请授权~~
另外欢迎欢迎投稿 原视频请发到邮箱1423646050@qq.com 视频录用后私信我领红包噢~",690600,https://b23.tv/BV1j822BGEPZ,http://i2.hdslb.com/bfs/archive/d1cf5e4049ee6a8c080a5f7d215fc76affa759ca.jpg,哔哩哔哩,全站热门视频,2025-12-10 00:24:31,1765249200.0
32,十一月零食红黑榜来啦！,-,305476,https://b23.tv/BV1TBmcBAEbV,http://i0.hdslb.com/bfs/archive/251b73e6048740fac085165c6a94f4eabf994b62.jpg,哔哩哔哩,全站热门视频,2025-12-10 00:24:31,1765109118.0
33,跟精神小妹去欢乐谷玩了一天花了400,,1060033,https://b23.tv/BV1gj2XBLEjn,http://i0.hdslb.com/bfs/archive/e9e3f8b1c35cd77847fa76b2b7a61e76daa3ac42.jpg,哔哩哔哩,全站热门视频,2025-12-10 00:24:31,1765186200.0
34,今天吃西米露,-,252665,https://b23.tv/BV1mZ2DBBEyd,http://i2.hdslb.com/bfs/archive/316d661cadf9e821fb6bd0e65af523fc22f77c14.jpg,哔哩哔哩,全站热门视频,2025-12-10 00:24:31,1765272790.0
35,26岁，任浙江大学博导，学术圈欣欣向荣！！！,曾有协和4+4助力非医学专业成为医学博士，这次可不是一跃硕导，而是一跃博导，学术圈人才辈出，一浪高过一浪，欣欣向荣呀！！！,782131,https://b23.tv/BV1K22yBXEUZ,http://i1.hdslb.com/bfs/archive/639c67686ff069ff7ee776096a5833b3e55e9d25.jpg,哔哩哔哩,全站热门视频,2025-12-10 00:24:31,1765202541.0
36,飞机上的乘客：医生……今天我是非得鼠吗……,-,692469,https://b23.tv/BV1982yBYERR,http://i0.hdslb.com/bfs/archive/9c94b62d2b5c03eedc83f88350c7624d6b2bea90.jpg,哔哩哔哩,全站热门视频,2025-12-10 00:24:31,1765201030.0
37,上海99元鸡翅自助，挑战冲击排名榜第一！鸡翅还行，蘸酱拉胯,"本期视频由妙界行走按摩仪赞助播出。

店名：wing republic来翅够；
地址：上海静安区新闸路1313号；
价格：每周三鸡翅自助99元，单点48元6个，88元12个。

每周三只能接待两波人，每波18人，晚上六点开餐，4点就有人去排队。
鸡翅味道属于正常好吃，不算惊艳。
饭量小的没必要去吃自助。

有小伙伴跟我说，这家店搞了个排行榜，之前榜上都是外国人，最多吃了65个，这次来上海试试能不能冲个排名。

最后老板说，可能会改成预约制？一月份可能还会涨价？？",359848,https://b23.tv/BV1SD2DBVEfw,http://i2.hdslb.com/bfs/archive/7407965810ca5b857dd2d97f7054e435fea0004e.jpg,哔哩哔哩,全站热门视频,2025-12-10 00:24:31,1765273300.0
38,校长深入学生群体,-,408793,https://b23.tv/BV1M92DBGE1f,http://i1.hdslb.com/bfs/archive/6a96c142d5ec29b3a29aac4a7875c105fea4d34e.jpg,哔哩哔哩,全站热门视频,2025-12-10 00:24:31,1765273626.0
39,最后一群人托举起航仔的时候，我看到了人与人之间最美好的羁绊,,537510,https://b23.tv/BV1Af25BAEqd,http://i0.hdslb.com/bfs/archive/6308c178dde35d1b2fc4cfd0b6ed22e71048f24f.jpg,哔哩哔哩,全站热门视频,2025-12-10 00:24:31,1765184400.0
40,《突然就背锅》,"作词、翻唱：IPx的粉红豹
原曲：伍佰《突然的自我》
视频素材来自网络",281382,https://b23.tv/BV1qh22BrEvq,http://i0.hdslb.com/bfs/archive/d586c806cf4c1795c845388ada3837e344dfd1f4.jpg,哔哩哔哩,全站热门视频,2025-12-10 00:24:31,1765238400.0
41,美国精英一松手，美国毒品就泛滥【毒舌的南瓜】,,346136,https://b23.tv/BV1bY2QByE6o,http://i0.hdslb.com/bfs/archive/bac9b25abe6d89012a8814f64b2e0444b01a5671.jpg,哔哩哔哩,全站热门视频,2025-12-10 00:24:31,1765262528.0
42,"""十周年了，奖励你再看一遍剪影""【𝟒𝙆/𝟔𝟎𝗙𝗣𝗦】","粗剪粗剪

PS:下一个长门吧",629701,https://b23.tv/BV117mFBoEB8,http://i2.hdslb.com/bfs/archive/76b41e864ed2e849480adeeab78c87a8838c88d3.jpg,哔哩哔哩,全站热门视频,2025-12-10 00:24:31,1765085918.0
43,原来我们从小到大都是这么追剧的。。。但是现在？,-,718035,https://b23.tv/BV1dc2rBdEf2,http://i1.hdslb.com/bfs/archive/cba048583e52fd585011675c378dfb7ce89fa6d6.jpg,哔哩哔哩,全站热门视频,2025-12-10 00:24:31,1765190400.0
44,《真正の武术》,-,665760,https://b23.tv/BV1Zb2UBSEkH,http://i0.hdslb.com/bfs/archive/7312453c91009e9a56a1092985d3031c9c3af9ff.jpg,哔哩哔哩,全站热门视频,2025-12-10 00:24:31,1765252800.0
45,谁是T0?打野梯度震撼发布！苏打锋排行榜,苏打锋王者小店购买皮肤送永久达人祝福语:“贯彻仁义，你能拯救队友于水火之中，狂野，震撼宇宙！” 粉丝群574540803（交流，剪辑，皮肤信息，投稿内容）,436031,https://b23.tv/BV1mh2mB8Ens,http://i2.hdslb.com/bfs/archive/7cee5d97ed596f97cd26e98974bd301b8c15fab4.jpg,哔哩哔哩,全站热门视频,2025-12-10 00:24:31,1765237540.0
46,还有高手？货币战争有史以来最逆天的BUG！只需一件装备做出来直接判赢？,"原视频链接：【你以为双鞋就是阿雅是速度的极限了吗？阿格莱雅货币战争轮椅ver2.0，能量护盾双倍行动光速叠层】 https://www.bilibili.com/video/BV1GcSvB5EDW/?share_source=copy_web&vd_source=9a3d0235bdeb7c75e8ce4761aaf04a44

双鞋该做还是得做，视频里面讲的有点夸张了，不过这个玩法前期直接单鞋当双鞋来做，成型难度又往下降了一档。货币战争玩了这么久这么夸张的玩法我也是第一次见，不用手操不刮痧无压力最后还",1039706,https://b23.tv/BV13t26BJE6U,http://i0.hdslb.com/bfs/archive/a719415140ee5c2be4e079410c1d040aae4baf1f.jpg,哔哩哔哩,全站热门视频,2025-12-10 00:24:31,1765177025.0
47,健身网红白天搬砖晚上撸铁，不吃不睡练出大块肌肉,,1231966,https://b23.tv/BV18L2rBjEDs,http://i0.hdslb.com/bfs/archive/c45688680289f8990c5e4c35824d505d7a0fe98c.jpg,哔哩哔哩,全站热门视频,2025-12-10 00:24:31,1765169082.0
48,被骗300年!《红楼梦》根本不是爱情小说,148期超大工程！逐回破解红楼梦隐藏的明清暗号,264345,https://b23.tv/BV18b2SBzEbr,http://i0.hdslb.com/bfs/archive/2886116b5514be085a79603ce560856776b4c329.jpg,哔哩哔哩,全站热门视频,2025-12-10 00:24:31,1765249576.0
49,《下一个是谁》第六季最强预告片！！,"这次的预告片风格希望大家喜欢！
我们正片见咯！！！
记得点赞点赞点赞点赞！！",432827,https://b23.tv/BV1iE2SBjEvJ,http://i0.hdslb.com/bfs/archive/e2691cc37344874429b8e2b72072c5c041b000b0.jpg,哔哩哔哩,全站热门视频,2025-12-10 00:24:31,1765271100.0
50,5年造了一场空：星座级护卫舰 彻头彻尾的工程灾难,"资料参考：
https://www.gao.gov/products/gao-24-106546
https://www.gao.gov/products/gao-26-107583
https://www.gao.gov/products/gao-25-107569
https://www.gao.gov/assets/gao-24-106546
https://www.congress.gov/crs-product/R44972
https://www.everycrsreport.com/file",173876,https://b23.tv/BV1dB2DBHE22,http://i1.hdslb.com/bfs/archive/99ac10dfe7f7fcaef533c2397729bf972121f807.jpg,哔哩哔哩,全站热门视频,2025-12-10 00:24:31,1765274400.0
1,我们用一个月，为她们建一个家。重庆儿童医院妈妈们诠释了为母则刚！她们值得被看见！,-,1823402,https://b23.tv/BV1qf2QBoEnd,http://i1.hdslb.com/bfs/archive/4c7c952e15b54d96fd65ad405cd1a98e8dea4fef.jpg,哔哩哔哩,视频排行榜,2025-12-10 00:24:31,1765029178.0
2,简单介绍一下我家狗,-,2823656,https://b23.tv/BV1xa2fBbER6,http://i1.hdslb.com/bfs/archive/d5aded83377f2cc3c20db13afa8ce158013d0356.jpg,哔哩哔哩,视频排行榜,2025-12-10 00:24:31,1765094787.0
3,乌兹别克棉花案是如何结束的？【神奇组织44】,"本篇为神奇组织特别篇之苏联大案调查：乌兹别克棉花案（四）。

参考资料：
格德良和尼古拉·伊万诺夫2001年出版《克里姆林宫案》
卡利尼琴科2002年出版《1400亿案，或者是调查员的7060天》
列昂尼德·米哈伊洛维奇·姆列钦2009年出版《戈尔巴乔夫和叶利钦：革命、改革和反革命》
《政治局腐败：红色乌兹别克斯坦案》
1988年苏联《农村青年》杂志文章《聋人的阴谋》
费多尔·拉扎科夫2019年出版《拯救拉希多夫：克格勃踢足球》
谢尔盖·霍罗多夫2021年出版《20世纪俄罗斯国家犯罪和经济犯罪史》
谢尔盖",1821120,https://b23.tv/BV1ne2rBPEYi,http://i2.hdslb.com/bfs/archive/d4147fe7898512968c1487a85f55d08811f6626f.jpg,哔哩哔哩,视频排行榜,2025-12-10 00:24:31,1765184400.0
4,大牙|| 肖4马原分析题精讲带背，一听你就会！,,1418786,https://b23.tv/BV1LV2fBrEuJ,http://i1.hdslb.com/bfs/archive/f233e35a522843aebf085e1b208fc64e2c6ed535.jpg,哔哩哔哩,视频排行榜,2025-12-10 00:24:31,1765068847.0
5,谁能坚持到最后,-,1101136,https://b23.tv/BV1822WBwEAz,http://i2.hdslb.com/bfs/archive/6534fc67b2ba2934acb739617faab2e9d0c6499b.jpg,哔哩哔哩,视频排行榜,2025-12-10 00:24:31,1765009723.0
6,“长大后才发现，导演这片子拍的绝了！”,,3853408,https://b23.tv/BV16H2WBEEPL,http://i0.hdslb.com/bfs/archive/5ee517b8b60ed03aee3a9aad6a2fcf7e92dc91d1.jpg,哔哩哔哩,视频排行榜,2025-12-10 00:24:31,1765013877.0
7,【箭头】如果世界真的是程序，你会继续当个NPC吗,某天，天上突然出现了一个鼠标箭头，全世界才意识到——我们可能真的活在一块“屏幕”里。 如果世界是被编辑的，那“玩家”按下下一步时，你会选择继续装作不知道，还是反抗？ 这是人类第一次，也是最孤独的一次，对着天空敲出的回答。,3811177,https://b23.tv/BV1RW27BXEL8,http://i2.hdslb.com/bfs/archive/df2e3675eec96d536e305026c5b2460767257682.jpg,哔哩哔哩,视频排行榜,2025-12-10 00:24:31,1764938101.0
8,朋友说我的声音像miku,-,1383447,https://b23.tv/BV1R82HBNEqR,http://i1.hdslb.com/bfs/archive/989493adca5a38abe6f2337f4f26dba243b3d0bf.jpg,哔哩哔哩,视频排行榜,2025-12-10 00:24:31,1764995543.0
9,13个简单有趣的小食谱～有手就会系列,,1940703,https://b23.tv/BV13V2XB7E4i,http://i0.hdslb.com/bfs/archive/33e3ad444baa66f0b2d68fdf898ababfc457288f.jpg,哔哩哔哩,视频排行榜,2025-12-10 00:24:31,1765072800.0
10,画面接近现实！当我把济南5A景区做进了游戏！高斯模型UE5技术演示 3DGS结合人工智能,"一个人耗时2个月连续加班
一个人全包：扫描+建模+程序+前后端+部署

山东济南大明湖面积:100万平方米
这个是美术模型无RTK信息和地理位置信息不算测绘",3873598,https://b23.tv/BV1YE2LBEEfe,http://i2.hdslb.com/bfs/archive/557db533174ea0244e0be4548dd2a142c1b60eb7.jpg,哔哩哔哩,视频排行榜,2025-12-10 00:24:31,1764927918.0
11,脑雾吧你？,"希望你喜欢这次的视频，这次玩的游戏叫《脑雾证人》
为适应拍摄，规则有所改编：
首先每张牌上有不同的图案
起始玩家依次抽六张牌，并根据图案讲述一个故事。
讲述完成后，将牌盖上。

轮到下一位玩家时，他摇一个骰子，去除对应点数的那张牌。
他需要记住牌的顺序，重新讲一个故事，来提到对应的卡牌。

故事可以不相同，但是需要对应到正确的卡牌图案。

成功复述，则获得一分，并额外添加一张牌续讲故事，轮到下一位玩家。
复述失败，则不得分，轮到下一位玩家。

重复这个流程，获得三分的玩家获胜。
记得三连！！！",1561925,https://b23.tv/BV16p2WBmEgj,http://i1.hdslb.com/bfs/archive/b9989713dbb19b372d93d4df0bfdc733738f93bd.jpg,哔哩哔哩,视频排行榜,2025-12-10 00:24:31,1765080000.0
12,去了一趟澳洲-昆士兰,这次我们来到了澳大利亚昆士兰州，以前听说过这里很神奇，有都市的现代感，也有各种神奇的生物，充满自然气息，但真正去现场，感受世界后，各种景观带来的震撼感还是非常的不一样。我们也拍到了许多素材可以分享给你！如果你喜欢这期节目，请多多支持我们，并把视频分享给你的朋友们一起看看~,1761096,https://b23.tv/BV1V32RB4E2a,http://i2.hdslb.com/bfs/archive/fdd371d3b752310841d543a8de479bd6425ba9ba.jpg,哔哩哔哩,视频排行榜,2025-12-10 00:24:31,1765076544.0
13,“你和你的死对头来到无限流被迫成组队，一个月以来，矛盾从未停止，这天，面对这个副本的大boss，你们居然意料之外地默契了起来…”,,6022922,https://b23.tv/BV1RE2LBEEsV,http://i2.hdslb.com/bfs/archive/60cdad859224a8ee1fa24fc6fc6b3056ae509cd9.jpg,哔哩哔哩,视频排行榜,2025-12-10 00:24:31,1764928268.0
14,命运是否早已注定？,BGM：MKMS-chase、wake、summer melody、I am never enough、neon Rainbow、purple fire,1445288,https://b23.tv/BV173mcBDEiF,http://i1.hdslb.com/bfs/archive/eadf4409be5239a86edd3f2c87aa053b16f923f9.jpg,哔哩哔哩,视频排行榜,2025-12-10 00:24:31,1765110660.0
15,我的世界版倒霉熊,-,2816742,https://b23.tv/BV1qimwBpEg4,http://i1.hdslb.com/bfs/archive/74cc97f28cd6eedecf4480f6c5442fc9e8f2d4b0.jpg,哔哩哔哩,视频排行榜,2025-12-10 00:24:31,1765100608.0
16,听到光头强光头能绷住的也是神人了,-,2347082,https://b23.tv/BV1jS2oBuEKz,http://i1.hdslb.com/bfs/archive/cd2844e9a912376490e6a1466ad0fe2acae3225b.jpg,哔哩哔哩,视频排行榜,2025-12-10 00:24:31,1765078727.0
17,美国最会玩的副总统,-,1925427,https://b23.tv/BV1W82CByEMv,http://i0.hdslb.com/bfs/archive/4b75db7c8fc7cf2c05fcae7cf7b7a599946cb95b.jpg,哔哩哔哩,视频排行榜,2025-12-10 00:24:31,1765187400.0
18,地理老师的摩旅日记23:流水的分选性（斯托克斯定律）,-,2904415,https://b23.tv/BV168mwB4EkL,http://i1.hdslb.com/bfs/archive/30bb30d0059e746ac38c0c1c923a3a1ad5da1d73.jpg,哔哩哔哩,视频排行榜,2025-12-10 00:24:31,1765101449.0
19,别再这么藏激光了【三角洲流言终结者6】,感谢@祥云璧 和@柠檬黄DSB 全程协助参与本期的测试，真的太辛苦了，给他们点点关注吧,2881784,https://b23.tv/BV1b62HBtELi,http://i2.hdslb.com/bfs/archive/32ec85f5d1021ccfafc2e7019e61c70bc76ddc96.jpg,哔哩哔哩,视频排行榜,2025-12-10 00:24:31,1765011600.0
20,幸福的真谛就是不要和人比！,-,730437,https://b23.tv/BV1h52CBREKu,http://i2.hdslb.com/bfs/archive/516e4712d73e42c6921093a8c12bec757f710abe.jpg,哔哩哔哩,视频排行榜,2025-12-10 00:24:31,1765181236.0
21,你好，可以花30秒看一下我花费1230天拍摄的祖国大好河山吗,,1125781,https://b23.tv/BV1df27BfEQy,http://i2.hdslb.com/bfs/archive/e93079b99f69d9544630b1a90d3773665fa6df44.jpg,哔哩哔哩,视频排行榜,2025-12-10 00:24:31,1764937298.0
22,琪亚娜，生日快乐！,"「我宣布，今天就是我一年中最喜欢的一天！」
「时间会让惊喜更具魅力。芽衣不是专门叮嘱过，她送的礼物要等到明天才能拆开吗？」
「你觉得这种说法有点耍赖？哼哼，这明明是考虑周到。」
「昨天无比难忘，今天特别开心，明天值得期待。所以我宣布，和大家在一起的每一天，都是我最喜欢的一天！」

让我们为她送上祝福——琪亚娜，生日快乐！",379801,https://b23.tv/BV1N42RBjEpk,http://i2.hdslb.com/bfs/archive/3f0cd8e920ddf19d096298750d9beb293278acae.jpg,哔哩哔哩,视频排行榜,2025-12-10 00:24:31,1765036852.0
23,还有高手？货币战争有史以来最逆天的BUG！只需一件装备做出来直接判赢？,"原视频链接：【你以为双鞋就是阿雅是速度的极限了吗？阿格莱雅货币战争轮椅ver2.0，能量护盾双倍行动光速叠层】 https://www.bilibili.com/video/BV1GcSvB5EDW/?share_source=copy_web&vd_source=9a3d0235bdeb7c75e8ce4761aaf04a44

双鞋该做还是得做，视频里面讲的有点夸张了，不过这个玩法前期直接单鞋当双鞋来做，成型难度又往下降了一档。货币战争玩了这么久这么夸张的玩法我也是第一次见，不用手操不刮痧无压力最后还",1039706,https://b23.tv/BV13t26BJE6U,http://i0.hdslb.com/bfs/archive/a719415140ee5c2be4e079410c1d040aae4baf1f.jpg,哔哩哔哩,视频排行榜,2025-12-10 00:24:31,1765177025.0
24,你以为的几何学，实际上的几何学,-,1778874,https://b23.tv/BV1UR2EBnE4n,http://i1.hdslb.com/bfs/archive/3941a894d2749a3b737c1c9765d107b7bcce5744.jpg,哔哩哔哩,视频排行榜,2025-12-10 00:24:31,1764961225.0
25,"""十周年了，奖励你再看一遍剪影""【𝟒𝙆/𝟔𝟎𝗙𝗣𝗦】","粗剪粗剪

PS:下一个长门吧",629701,https://b23.tv/BV117mFBoEB8,http://i2.hdslb.com/bfs/archive/76b41e864ed2e849480adeeab78c87a8838c88d3.jpg,哔哩哔哩,视频排行榜,2025-12-10 00:24:31,1765085918.0
26,和15年青梅订婚然后回老家拍旅游vlog这件事,,1081904,https://b23.tv/BV1wK27BKEon,http://i1.hdslb.com/bfs/archive/5f32a38d254582e5d4bdcb1527967fa71883f86c.jpg,哔哩哔哩,视频排行榜,2025-12-10 00:24:31,1764945386.0
27,出差途中被5个up主突袭，让我当导游？！结果…【青春旅行团12】,"全！新！系！列！！《青春旅行团》第二季,第六期！！
一个人策划一期旅游，【惊喜篇】来啦！！
朋友们，喜欢的话请多多一键三连吧！！",1745086,https://b23.tv/BV1gA25B6ER5,http://i1.hdslb.com/bfs/archive/a81cd3573616c45460817461dc1e0b60cce15a25.jpg,哔哩哔哩,视频排行榜,2025-12-10 00:24:31,1764990300.0
28,我预言了Minecraft的下个更新,"这期视频属于是做上头了，一下子做了很多内容
不过如果你喜欢这期视频，可以点点关注我真的很需要！谢谢！
模组制作：@老丹Daniel    @禁止压入的空栈",3231279,https://b23.tv/BV1v429B4Ers,http://i0.hdslb.com/bfs/archive/c28f6373e6ff908259dba19862b1bdadec444100.jpg,哔哩哔哩,视频排行榜,2025-12-10 00:24:31,1765018835.0
29,暂停一下，小猫有话要说,-,711221,https://b23.tv/BV1eH2LBjEpP,http://i2.hdslb.com/bfs/archive/6590de442941eb4ee3348ed2e9726c11d6ba77bb.jpg,哔哩哔哩,视频排行榜,2025-12-10 00:24:31,1764925815.0
30,韩立参加了《非诚勿扰》,上一期有观众吐槽出场的女修少，所以这一期加多了一点料。,1616716,https://b23.tv/BV1tDmFBNEC8,http://i0.hdslb.com/bfs/archive/18943d5ffbafa58aeb7cb1bed5c0e7758a3e1b68.jpg,哔哩哔哩,视频排行榜,2025-12-10 00:24:31,1765084332.0
31,夸克x佘诗曼《职场女王2绝地反击》,"都说职场如战场，面对不同的职场难题，看Man姐怎么用夸克绝地反击，从容应对！
夸克AI浏览器使用了阿里最强的Qwen大模型，随时唤起千问AI助手，搜资料、写总结、做PPT，通通帮你搞定！
用夸克，帮你高效工作早点下班，有空一起喝个茶吧！",2108377,https://b23.tv/BV1iZSsBWEw5,http://i2.hdslb.com/bfs/archive/6dfafed4f7ab8a98d36ab2112055a16b2426a54d.jpg,哔哩哔哩,视频排行榜,2025-12-10 00:24:31,1765159200.0
32,烧脑程度不亚于九子夺嫡,,8973621,https://b23.tv/BV1Ew2pBVEs8,http://i1.hdslb.com/bfs/archive/861e7c65648eeff272e09d5ce9a563575fd82d1b.jpg,哔哩哔哩,视频排行榜,2025-12-10 00:24:31,1764994528.0
33,我炸开,我炸开，哈哈,5956801,https://b23.tv/BV1sv2sBbEZ5,http://i2.hdslb.com/bfs/archive/17981a51f527008657dc1ae472252f4dbcadb1fb.jpg,哔哩哔哩,视频排行榜,2025-12-10 00:24:31,1765001425.0
34,把甜品拿过来，伊涅芙不会知道的,"久久久等啦~，上个月实在太忙了，加上这期视频比较长，做了挺久的，不过希望大家喜欢~

雅柯达是一只可爱小猫咪！！

借物表
模型：miHoYo
场景：miHoYo
场景提取/修改/渲染：叶玲秋雨
动画：叶玲秋雨
人物渲染预设：Festivity，roma1984",851341,https://b23.tv/BV1ve2WBgEzQ,http://i2.hdslb.com/bfs/archive/4abee04e44ae484d76247269400edf85d5d675a3.jpg,哔哩哔哩,视频排行榜,2025-12-10 00:24:31,1765014900.0
35,只用3分钟！马克龙能被我教会几个成语？,2025法欣社的究极牌面时刻！,1909166,https://b23.tv/BV1Uq26BGEtd,http://i0.hdslb.com/bfs/archive/1c0b86c53bb5035303d8d2585837f77efedbbaec.jpg,哔哩哔哩,视频排行榜,2025-12-10 00:24:31,1765188000.0
36,《愤怒水手》,-,2072953,https://b23.tv/BV1MK2WB8Epc,http://i1.hdslb.com/bfs/archive/c7294fb71d591eecaac3d1d83774e27448eb2ba4.jpg,哔哩哔哩,视频排行榜,2025-12-10 00:24:31,1765013365.0
37,5辆重卡冲顶，大件运输全过程。,,1157316,https://b23.tv/BV1dh2ZBgE2u,http://i1.hdslb.com/bfs/archive/d0775438a02389b87badc7a76508ceb02c988035.jpg,哔哩哔哩,视频排行榜,2025-12-10 00:24:31,1765099800.0
38,万圣节装扮成管道，给路人送“惊喜”（惊吓）！,,4623284,https://b23.tv/BV1xe2LBMEyC,http://i1.hdslb.com/bfs/archive/698a2bf8abaeefa8b39a2106a30fe3831ec95ab6.jpg,哔哩哔哩,视频排行榜,2025-12-10 00:24:31,1764928185.0
39,星穹铁道 | 遗器穿戴实机,去年年初我曾经整活过一个《当星铁角色穿戴上遗器》，差不多两年过去了，新角色和遗器都出了不少，这次算是翻新+补完一下。,811354,https://b23.tv/BV1UumFBAEtJ,http://i1.hdslb.com/bfs/archive/05d03bf66101cd117d9c9a7380f246a9202f73e1.jpg,哔哩哔哩,视频排行榜,2025-12-10 00:24:31,1765092132.0
40,藏不住的善良！全网寻找的宁夏救人少女找到了,4岁男童坠入冰窟，13岁的李佳婷挺身而出：“我身体轻，我下去救！”她匍匐爬过薄冰，递出救命管子，成功协助救援后悄然离开。,983915,https://b23.tv/BV1ky2BBfEhB,http://i1.hdslb.com/bfs/archive/14e50486c78186750e17d1503b1c424b186e32ac.jpg,哔哩哔哩,视频排行榜,2025-12-10 00:24:31,1765160539.0
41,［逐帧动画］我的天呐电弧大人,"BGM:アリス？
【アリス？/R Sound Design feat. ナースロボ＿タイプＴ-Alice?-哔哩哔哩】 https://b23.tv/DtuUdx2",573904,https://b23.tv/BV1s42XBBEB4,http://i1.hdslb.com/bfs/archive/1ae46ca17e97ad432cc52ab03f036d8f43fcdffb.jpg,哔哩哔哩,视频排行榜,2025-12-10 00:24:31,1765065646.0
42,评论区摄影作品锐评，是什么样的照片让蓝日西如此生气！开玩笑也得有个头吧.,-,1862901,https://b23.tv/BV1Ai2sBZE62,http://i0.hdslb.com/bfs/archive/4ae7e8cf2793f88342eb3f8b6de19826c7f50fd7.jpg,哔哩哔哩,视频排行榜,2025-12-10 00:24:31,1765014335.0
43,《直接给我生成完整代码》,"20000 点赞达成以后， 该视频对应的游戏会在 ___https://pan.quark.cn/s/dd548e0a7627___ 开放下载；
50000 点赞达成以后， 该游戏对应的源码会在 _____________ 开放下载；
100000 点赞达成以后，该游戏对应的文字版教程会在 _____________ 开放阅读；
	""都说了参考我之前的代码""、""不要改我的变量名""、""给我完整代码""、""不要添加额外的功能""、""你怎么把我之前代码改坏了""
	这些是不是你在用AI来编程的时候，经常遇到的问题，作",2696557,https://b23.tv/BV1hx2LBCEaY,http://i0.hdslb.com/bfs/archive/0e7c7e5aecd064b6a65f13342a059ea62e6efe08.jpg,哔哩哔哩,视频排行榜,2025-12-10 00:24:31,1764928800.0
44,我终于来到了这辈子参观次数最多的景点！！,我这辈子参观次数最多的景点绝对是每次打开电脑看到的这个沙滩，不知道你是否跟我一样好奇过这照片到底在我们星球哪个位置拍的？在Win10操作系统发布十年后的今天，我终于要去地球另一端解开心中的的疑问了！！！而这个地方，就在一个距离我们超级遥远的南半球国家，新西兰，超美的一个国家啊啊啊啊啊！！！,4314367,https://b23.tv/BV1dvmFBLEyW,http://i1.hdslb.com/bfs/archive/20ec38dcb5c06f3a393f75a6ef7011c56f60a717.jpg,哔哩哔哩,视频排行榜,2025-12-10 00:24:31,1765090246.0
45,🐰有种你试试：兔子舞🐰,"现在全网还有谁爆肝一个月做卡点啊，原来是我啊，那没事了~
喜欢记得一键三连+关注~（加入特别关注第一时间收到更新）
封面：出自《智酱是女生》
音乐：兔子舞「Gelato - Penguin's Game」无损音频@只剪亿点点 
素材详细看置顶热评↓↓↓",2447370,https://b23.tv/BV1cK2BBdEnh,http://i1.hdslb.com/bfs/archive/b27fd63073748fee87d09f1e49d0e2af81596773.jpg,哔哩哔哩,视频排行榜,2025-12-10 00:24:31,1764903600.0
46,【标识拟人】禁止吸烟。,-,1007828,https://b23.tv/BV1hTmwBVES8,http://i2.hdslb.com/bfs/archive/a50c974b4507f829e489d29a4a820a4367146867.jpg,哔哩哔哩,视频排行榜,2025-12-10 00:24:31,1765105217.0
47,如何用四分钟把一个福建人唱红温☝️,"全国各地都能学会的闽南语教学（雾）

主唱：代佳怡 @诡佳目  
吉他：朱禹杭
鼓手：雷一鸣 
键盘/编曲：大熊
摄影/剪辑：王江
录音/混音/贝斯：岳上森",5053121,https://b23.tv/BV1km27BTEzr,http://i1.hdslb.com/bfs/archive/1c58f875e572e4b29591719c666e4be47e3837f9.jpg,哔哩哔哩,视频排行榜,2025-12-10 00:24:31,1764935276.0
48,我决定裸考,"天冷了大家一定注意防护，小心流感
求点赞求关注谢谢呜呜",1797507,https://b23.tv/BV11JmwBPEsf,http://i2.hdslb.com/bfs/archive/f4d352154a0371b2f375c6624213dcf976eee410.jpg,哔哩哔哩,视频排行榜,2025-12-10 00:24:31,1765099275.0
49,评分8.7！我超！槟！又见令和最佳开局？《假面骑士ZZZ》开局吐槽,点点关注点点关注点点关注点点关注点点关注点点关注点点关注点点关注点点关注点点关注点点关注点点关注点点关注点点关注点点关注点点关注点点关注点点关注点点关注点点关注点点关注点点关注点点关注点点关注点点关注点点关注点点关注点点关注点点关注点点关注点点关注点点关注点点关注点点关注点点关注点点关注点点关注点点关注点点关注点点关注点点关注点点关注点点关注点点关注点点关注点点关注点点关注点点关注点点关注点点关注点点关注,1026054,https://b23.tv/BV1YzmFBkEk5,http://i2.hdslb.com/bfs/archive/0e1a8c5c678153e93c91c306e43ebdfcf5da19c0.jpg,哔哩哔哩,视频排行榜,2025-12-10 00:24:31,1765103400.0
50,评论区摄影大赛视觉冲击力篇，看看还有没有高手，欢迎投稿玻璃心慎重,-,1724323,https://b23.tv/BV1sv2LBqEZF,http://i2.hdslb.com/bfs/archive/ddfafb839f7b581a2627aa7d127634c2b7d64706.jpg,哔哩哔哩,视频排行榜,2025-12-10 00:24:31,1765013400.0
51,人类仅抵抗7小时便彻底沦陷？！大名鼎鼎的《半条命2》究竟讲了个什么故事？,"ps：csgo我怎么想都是8刀买，但我怎么查15年都说是15刀，我想，也许是我曼德拉效应了，反正当时支付宝支付渠道冻结，我找淘宝礼品卡的，花了一笔巨款，那会我们那馄饨一碗才六块

或许，我可以尝试回答这个问题了，为什么半条命没有3
半条命，是V社的金字招牌
第一部的叙事方式，彻底改变了FPS游戏讲故事的方式
第二部的物理引擎，彻底改变了游戏的制作与玩法
各大公司纷纷宣传，我们有世界上最真实的物理引擎
外传艾利克斯，则彻底指明了VR游戏的发展方向
半条命3，注定不能是一款普通的续作，它必须有创新，而且是革命",1478484,https://b23.tv/BV1WT29B3EvX,http://i0.hdslb.com/bfs/archive/c8c14eed644a591094bcad5f618ec8cefff5c43e.jpg,哔哩哔哩,视频排行榜,2025-12-10 00:24:31,1765017879.0
52,福鼎肉片,邪修老祖带你手搓福鼎肉片#福鼎肉片,2282346,https://b23.tv/BV1FQmcBWEM5,http://i1.hdslb.com/bfs/archive/90a44514d31b5969435700d8221e743aeebfa0c3.jpg,哔哩哔哩,视频排行榜,2025-12-10 00:24:31,1765102856.0
53,你看看别人家的！再看看你！,"传说中别人家的XXX都是最好的！
借物见视频尾",1440012,https://b23.tv/BV1qW29BbEKQ,http://i1.hdslb.com/bfs/archive/ae2f4fd8a076c14090b78fffaed0325c23d35b88.jpg,哔哩哔哩,视频排行榜,2025-12-10 00:24:31,1765017823.0
54,击败”不可能“的种子,"希望大家喜欢这个视频
兄弟们这是我一次新风格的尝试，然后主要学习的博主是Beppo，他是原创！
种子在这
第一个： -2702159776422296816（基岩版）
第二个：21w13a上的任意种子
第三个：-3310122802218322899（1.21.7版本）
第四个：-4231131849898478410（20W21a版本）",2458636,https://b23.tv/BV17v2jB4EsU,http://i2.hdslb.com/bfs/archive/8f913e2d374de9530d47e9168bc9f47e219658db.jpg,哔哩哔哩,视频排行榜,2025-12-10 00:24:31,1764992400.0
55,登顶非洲最高峰“乞力马扎罗”！差点又嘎啦！,,853333,https://b23.tv/BV1iNmPBpEtM,http://i1.hdslb.com/bfs/archive/0500212012d78b20ba012270491cee4f7e627fa5.jpg,哔哩哔哩,视频排行榜,2025-12-10 00:24:31,1765163100.0
56,湖南长郡二十校数学联考逐题详解！,"公众号：一数儿，免费分享学习资料~ 

﻿@一物儿﻿ 学习物理
@一化儿  学习化学
@一生儿  学习生物
@一英儿  学习英语
@一地er  学习地理
﻿@一高数﻿ 学习高数
﻿@学过石油的语文老师﻿ 学习语文

愿这份友谊长存！",692547,https://b23.tv/BV1zJ29BwEvb,http://i2.hdslb.com/bfs/archive/36b438dd1bbae4ce3aff755aa023e5eec3ab85b5.jpg,哔哩哔哩,视频排行榜,2025-12-10 00:24:31,1765019774.0
57,【伯爵狗】改编翻跳 | 邯郸学步 | 一定是你没有看过的版本,,1337066,https://b23.tv/BV1k82XBiEj3,http://i2.hdslb.com/bfs/archive/9fb2b93692e31fecaf535b4c6fc318a5ebdb18e1.jpg,哔哩哔哩,视频排行榜,2025-12-10 00:24:31,1765027879.0
58,新加坡的清晨,-,665298,https://b23.tv/BV1Wx2XBuEfE,http://i2.hdslb.com/bfs/archive/8c8fb23b4dbd028f298f4811561551e43fc5ca34.jpg,哔哩哔哩,视频排行榜,2025-12-10 00:24:31,1765024321.0
59,【幼女萝莉版/双声道】天天天国地狱国 ft.るるかruruka & 曦曦,,405399,https://b23.tv/BV1Qd2RBxEUW,http://i1.hdslb.com/bfs/archive/31de4916fdf252a0249ca01e8ab4bd75dc5e1446.jpg,哔哩哔哩,视频排行榜,2025-12-10 00:24:31,1765035155.0
60,神，离人很近,神，离人不远,2126574,https://b23.tv/BV15S23BrExo,http://i2.hdslb.com/bfs/archive/a94b37d11f91332cff690ffb139de0eabcc5ab10.jpg,哔哩哔哩,视频排行榜,2025-12-10 00:24:31,1764900717.0
61,吃,,883462,https://b23.tv/BV1cG2kBMEaY,http://i1.hdslb.com/bfs/archive/10edd1d27fc6dfa580d7f3df31c820b4caf07ca8.jpg,哔哩哔哩,视频排行榜,2025-12-10 00:24:31,1765192350.0
62,你身上有她的香水味~（saber青花瓷同人cos）,-,495511,https://b23.tv/BV1Lk2XBtEQo,http://i1.hdslb.com/bfs/archive/666d20bf22f72c5b2aaa41a8d3f44fbab4192efe.jpg,哔哩哔哩,视频排行榜,2025-12-10 00:24:31,1765021747.0
63,火影主播大集合！青春的奥义，咱们村里人的十周年小曲！,"所以，村里人的青春是什么？
趁着青春哥正式上线的这天把歌发了，感谢家人们的友情献唱和支持！

staff：
作词@火影桃子君
作曲编曲、友情助唱@Jiaber吴伯滔
B站联投限制人数，全部出镜主播见下方名单（按演唱先后顺序）：
晚安、小宝、奇拉比、火影小C、鸽子、看海、水姐、银色、鬼叔、配音的绘欣、友人、阿雪、women51、s山山s、禹汁波の纱世里、桃桃豆、茨木小天使i",1699945,https://b23.tv/BV18i2JBpEaH,http://i2.hdslb.com/bfs/archive/33f97468d47657c5b25b412090019e48acdc8ab7.jpg,哔哩哔哩,视频排行榜,2025-12-10 00:24:31,1764993600.0
64,要是我和你一样高就好啦，这样不用抬头也可以看见你亮亮的眼睛,-,778650,https://b23.tv/BV1ZemwB9EU2,http://i2.hdslb.com/bfs/archive/fe0ec37f0db9f1d0e9c1d3940b48b5a13b6f86e1.jpg,哔哩哔哩,视频排行榜,2025-12-10 00:24:31,1765099799.0
65,米奇的妙妙屋一点也不好玩,-,3401482,https://b23.tv/BV15P2XBWEZ5,http://i0.hdslb.com/bfs/archive/af94879634076826f033a68d852ba4f8b127ae4b.jpg,哔哩哔哩,视频排行榜,2025-12-10 00:24:31,1765072800.0
66,98年在佛山摆摊卖盐焗鹌鹑蛋的一天,-,2680815,https://b23.tv/BV1Nm2YBpEeK,http://i2.hdslb.com/bfs/archive/2de1a52d337d878e809b26c4956e63eefc0dc698.jpg,哔哩哔哩,视频排行榜,2025-12-10 00:24:31,1764822057.0
67,【STN快报第八季36】海的那边是圣殿骑士,阿育，你坐啊，为什么那一天你会退市呢？,759116,https://b23.tv/BV1TYmcBiEZV,http://i0.hdslb.com/bfs/archive/6690ff2aa2c1becbf76b3592be7765222071436b.jpg,哔哩哔哩,视频排行榜,2025-12-10 00:24:31,1765106451.0
68,“怎么会哭呢？这不是你梦寐以求的长大吗？”,"“怎么会哭呢？这不是你梦寐以求的长大吗？”

歌曲名：把回忆拼好给你",1875253,https://b23.tv/BV1pB2sB4EiE,http://i2.hdslb.com/bfs/archive/47806ef4fcf143bc38dcd32938f9225709724b08.jpg,哔哩哔哩,视频排行榜,2025-12-10 00:24:31,1765002692.0
69,德柱厉害,-,828974,https://b23.tv/BV1EQmcBWEBd,http://i0.hdslb.com/bfs/archive/f0d0fc23b54f82db5d81c94d53dfdaae71b23d87.jpg,哔哩哔哩,视频排行榜,2025-12-10 00:24:31,1765103315.0
70,哄老小孩：特朗普大总统阁下已经拿到他忠诚的和平奖,,1208484,https://b23.tv/BV1dZmcBEENN,http://i2.hdslb.com/bfs/archive/154d89ee212a30dd1c6890ab992533b5d23224f2.jpg,哔哩哔哩,视频排行榜,2025-12-10 00:24:31,1765101827.0
71,【EXO】EXO《REVERXE》Trailer,,608225,https://b23.tv/BV1WCmcBfEAW,http://i1.hdslb.com/bfs/archive/0841963b727a62150395fccca28eddd45b0fcee5.jpg,哔哩哔哩,视频排行榜,2025-12-10 00:24:31,1765119600.0
72,来到印度旅行的第一天，原来网上说的都是真的，真实魔幻又割裂。,,1078551,https://b23.tv/BV1n62oBLE9h,http://i2.hdslb.com/bfs/archive/a28c431edf63ed226986061c94d13920a3d4f7d2.jpg,哔哩哔哩,视频排行榜,2025-12-10 00:24:31,1765103400.0
73,谨慎点开，海选现场《学猫叫》，有一股神奇的力量,-,1925607,https://b23.tv/BV1Qs2LB5Ev2,http://i0.hdslb.com/bfs/archive/3a95ac35b45d03a3f17628b3b820d8fe25c28b77.jpg,哔哩哔哩,视频排行榜,2025-12-10 00:24:31,1764926323.0
74,《千与千王》,-,744170,https://b23.tv/BV1k8mwB4EwT,http://i1.hdslb.com/bfs/archive/46f6c062595ec1ede1472cfabec3c3d5d992bf2f.jpg,哔哩哔哩,视频排行榜,2025-12-10 00:24:31,1765101645.0
75,马克龙 : 我去过东方，那里的人们很热情友好，和你们说的完全不一样,-,1410034,https://b23.tv/BV1iF2rB4E5r,http://i0.hdslb.com/bfs/archive/4dce4a435bdfb3ae7304da1a27bac7c9bfb4d1d6.jpg,哔哩哔哩,视频排行榜,2025-12-10 00:24:31,1765174809.0
76,献给暖暖的生日礼物,最难的一次烧玻璃！,1961503,https://b23.tv/BV1Bw2pBVEWN,http://i1.hdslb.com/bfs/archive/7e7abcabfe74fa3c161f26905004bf9ce4b65be2.jpg,哔哩哔哩,视频排行榜,2025-12-10 00:24:31,1764994455.0
77,别害怕，我会陪你一起长大,"时间翻过一页又一页，
这一路也许跌跌撞撞，但别害怕，我会一直陪在你身旁，
只要向着心的方向，我们的小小愿望，终能乘着风飞向远方~",1205333,https://b23.tv/BV1Ux2iBPEdG,http://i1.hdslb.com/bfs/archive/4d95f8a07f100083f70e557835ee2b4fcbf1f19d.jpg,哔哩哔哩,视频排行榜,2025-12-10 00:24:31,1765026000.0
78,花30天烤一条鱼，会是什么味道？,"【食材】
鲈鱼部分
● 鲈鱼 1条，600克 （去不去皮无所谓）
● 盐黑胡椒适量
● 千层酥皮 2张（如果小张，就多用几张）
● 蛋黄 1个
海鲜慕斯
● 虾肉（用鲈鱼肉也可以） 100克
● 扇贝（洗净沥干）100克
● 盐 2小勺
● 现磨黑胡椒 转10下
● 全蛋 1个
● 蛋黄 1个
● 淡奶油 200毫升
● 软化黄油 50克
● 去壳开心果仁 30克
● 龙蒿草 1小把
修隆酱
● 红酒醋 150毫升（或者：红酒醋50+白葡萄酒100），
● 红葱头 3颗
● 黄油 150克
● 龙蒿草 1",1622219,https://b23.tv/BV1xD2WBbEDT,http://i2.hdslb.com/bfs/archive/c749dbfcf27a6e13b8f0d18eaece7a992259b4c7.jpg,哔哩哔哩,视频排行榜,2025-12-10 00:24:31,1765004950.0
79,伏牛山的冬季，贝爷来荒野求生也得饿叉,-,863176,https://b23.tv/BV1gw2ZBcEjm,http://i0.hdslb.com/bfs/archive/e6b455088c3231e7703ba04e3347dab837d914ee.jpg,哔哩哔哩,视频排行榜,2025-12-10 00:24:31,1765080860.0
80,不做网红了，出来摆摊儿，炸完你的炸你的，炸完你的炸她的！！,-,8061054,https://b23.tv/BV1kR2YBmExb,http://i2.hdslb.com/bfs/archive/d446f16c273b163e7b62dba0a56b85190ea398a8.jpg,哔哩哔哩,视频排行榜,2025-12-10 00:24:31,1764907200.0
81,“它扭着身子朝我冲过来” 【志怪恐怖故事：报恩】《万相》：002,"配音：
   莎莎：@空行
   莎莎朋友：@受是317处理器 
   人面壁虱：@嘉静jojo 
   电台主持：@胡椒船长 

怪物原型来自《耳食录》壁虱",664910,https://b23.tv/BV1Z22oBgEup,http://i2.hdslb.com/bfs/archive/37742b71212b283e692c2c1db7358977c5cc95f8.jpg,哔哩哔哩,视频排行榜,2025-12-10 00:24:31,1765078123.0
82,考外国人中文听力-付航脱口秀,-,1521677,https://b23.tv/BV1K92ZBxEY3,http://i1.hdslb.com/bfs/archive/8ad5119f85bf5b6b4a6430a3206af0386eb1260b.jpg,哔哩哔哩,视频排行榜,2025-12-10 00:24:31,1765071425.0
83,不解风情的丈夫,,921579,https://b23.tv/BV1Mv26ByEBW,http://i0.hdslb.com/bfs/archive/f8e5498b6c0aeeecb2ea0d8a7c15a68cc6052a35.jpg,哔哩哔哩,视频排行榜,2025-12-10 00:24:31,1765178781.0
84,威神V(WayV)《白色定格 (Eternal White)》MV,,199860,https://b23.tv/BV1vf2BBJE2R,http://i1.hdslb.com/bfs/archive/df64e5d4cefc9c3c7f0ecb93197f6f83f22c0608.jpg,哔哩哔哩,视频排行榜,2025-12-10 00:24:31,1765184400.0
85,”蓝宇宙“,,360580,https://b23.tv/BV18y2WBYEgR,http://i2.hdslb.com/bfs/archive/3e36f3aa2b65e488d45d640a9253549cc6c8037a.jpg,哔哩哔哩,视频排行榜,2025-12-10 00:24:31,1765010224.0
86,谁是今年最烂的电影？爆笑盘点2025年度十大烂片！太抽象了！,"点击收看2025年度金拖把颁奖典礼 · 国产烂片 TOP 10 
- 
欢迎一键三连，帮我花钱买工伤的一年回回血！ 
本期点赞过10万，我将更新其他颁奖单元！",3084231,https://b23.tv/BV1ds2HBBEDk,http://i2.hdslb.com/bfs/archive/c03099c4ab2709aed91e7039608923b48188ef30.jpg,哔哩哔哩,视频排行榜,2025-12-10 00:24:31,1764996505.0
87,当大课间の小曲配上Phonk……    2.0,-,681205,https://b23.tv/BV15T2RBFEUV,http://i1.hdslb.com/bfs/archive/25cfdaeee085dede312b62ccbe48f87c3761066a.jpg,哔哩哔哩,视频排行榜,2025-12-10 00:24:31,1765043293.0
88,浙江宣传评“最忙五人组”：再挖下去不知要捅多大娄子？不查下去，才会捅娄子！,,1467242,https://b23.tv/BV1mg2ZB9E5z,http://i2.hdslb.com/bfs/archive/c7c0061931c91235aada712b39edba7bf3668f46.jpg,哔哩哔哩,视频排行榜,2025-12-10 00:24:31,1765074127.0
89,看警院特警生的一天,-,1051907,https://b23.tv/BV1tc29BLE1X,http://i2.hdslb.com/bfs/archive/d2f647d7bea44b12b4d60e1d71becf6b622ce605.jpg,哔哩哔哩,视频排行榜,2025-12-10 00:24:31,1765022696.0
90,【零帧起手】小学生都反应不过来的零帧起手！你能防住几个？！,长按大拇指三连加关注会成为B站lv6至高无上的存在，然后身体健康发大财吧！哎嘿！ヾ(≧▽≦*)o,3809260,https://b23.tv/BV1Eb25BXEWh,http://i1.hdslb.com/bfs/archive/772a03569a5329e8de1d0ce0574fe9dd3cef2bd0.jpg,哔哩哔哩,视频排行榜,2025-12-10 00:24:31,1764929220.0
91,《鸣潮》先约电台EP2.8——千咲《破茧之华》,"最暗的夜，终于破晓。

《鸣潮》先约电台EP2.8——千咲《破茧之华》现已正式上架QQ音乐、酷狗音乐、酷我音乐、网易云音乐等平台，欢迎漂泊者前往收听！

出品：鸣潮先约电台
作曲：Aira(Dream Monster)
编曲：Aira(Dream Monster)
中文作词：凤凰诗风
日文作词：Aira(Dream Monster)
英文作词：Taro Abe, KOKO, Miori Celesta
韩文作词：이동은 (Psycho Tension)
中文演唱：妮莉安Lily
日文/英文演唱：幸祜
韩文",436451,https://b23.tv/BV1W725BcEgz,http://i2.hdslb.com/bfs/archive/ff4b89151a0a2f7255d13c4862ca141b097e0ced.jpg,哔哩哔哩,视频排行榜,2025-12-10 00:24:31,1765080000.0
92,整蛊取消了，因为真的有一个男人在跟踪她,商务微信：lmdms666我们是黎明动漫社，我们是热爱动漫和创作的一群人。欢迎所有喜爱动漫文化，喜欢聊天摸鱼，热爱创作的小伙伴们加入QQ群462749390和我们一起玩耍ღゝ◡╹)ノ♡,1436419,https://b23.tv/BV1bemABCEjw,http://i0.hdslb.com/bfs/archive/39a682dcd5041eceaf450978f2d63bc0b5f1a614.jpg,哔哩哔哩,视频排行榜,2025-12-10 00:24:31,1765118419.0
93,不好！闺蜜好像越挨打越爽了？,-,1020135,https://b23.tv/BV1ntmwBfEXQ,http://i1.hdslb.com/bfs/archive/f970a2c7ffda2f9a34f925f6f6b573564c2b5637.jpg,哔哩哔哩,视频排行榜,2025-12-10 00:24:31,1765101203.0
94,【纸偶动画】镜音铃的emoji,-,347146,https://b23.tv/BV1m7mwBvEP9,http://i1.hdslb.com/bfs/archive/758c9132940286f0fe47e305b9d5f955701927c5.jpg,哔哩哔哩,视频排行榜,2025-12-10 00:24:31,1765099620.0
95,【沈月】蟑螂人在冬眠到来之前会出现的一些症状,-,1723273,https://b23.tv/BV1J62pB7EsL,http://i2.hdslb.com/bfs/archive/1dd95406473a9eabc4b9857875bf65bb304c15e4.jpg,哔哩哔哩,视频排行榜,2025-12-10 00:24:31,1764985562.0
96,日本女性掀起国际卖春潮，以婚化债模式为啥会缓冲失败？【丰言疯话】,日本以婚化债模式缓冲失败，其他地方还在艰难尝试，让所有债务从家庭内部消化，如果不能，那就重新定义家庭。,922451,https://b23.tv/BV1kWmFBXET4,http://i2.hdslb.com/bfs/archive/4bd59cf3cc36b1cb5ab8c19eed856d86d5b4abd6.jpg,哔哩哔哩,视频排行榜,2025-12-10 00:24:31,1765088659.0
97,【干货】如何买下公司，开除领导？,-,669731,https://b23.tv/BV13a2kBsEyS,http://i0.hdslb.com/bfs/archive/81145215b166873f19d9bab6b26014dff3564487.jpg,哔哩哔哩,视频排行榜,2025-12-10 00:24:31,1765189077.0
98,两年前：锣鼓喧天鞭炮齐鸣 两年后：安静的可怕,,1634753,https://b23.tv/BV1Wm27BMEFr,http://i1.hdslb.com/bfs/archive/8421c0556654bf108f95e37a93231bdb9d9831c7.jpg,哔哩哔哩,视频排行榜,2025-12-10 00:24:31,1765011600.0
99,跟精神小妹去欢乐谷玩了一天花了400,,1060033,https://b23.tv/BV1gj2XBLEjn,http://i0.hdslb.com/bfs/archive/e9e3f8b1c35cd77847fa76b2b7a61e76daa3ac42.jpg,哔哩哔哩,视频排行榜,2025-12-10 00:24:31,1765186200.0
100,肖四带背｜把答案背活！背一题，答三题，不怕反押题！,-,733742,https://b23.tv/BV1Qo2oBYEUF,http://i2.hdslb.com/bfs/archive/650833c3884117d24648810fcb2988f897d86e5c.jpg,哔哩哔哩,视频排行榜,2025-12-10 00:24:31,1765080749.0
